period,ICB22CD,ICB22NM,forms_dist,forms_resp,q1_resp,q1_<3,q1_3to6,q1_6to12,q1_12to24,q1_>24,q1_never,q2_resp,q2_yes,q2_no,q2_notrem,q3_resp,q3_yes,q3_no,q3_noapps,q3_nopats,q3_other,q3_notrem,q4_resp,q4_very_gd,q4_fairly_gd,q4_neither,q4_fairly_pr,q4_very_pr,q5_resp,q5_not_need,q5_no_teeth,q5_not_time,q5_not_like,q5_not_think,q5_waiting,q5_switch,q5_private,q5_too_exp,q5_other
2015,E54000008,NHS Cheshire and Merseyside Integrated Care Board,71310,21964,19374,5021,3547,2751,1614,3153,3286,12792,11405,1055,329,12775,12104,456,NA,NA,NA,220,12743,7026,4220,906,353,240,5562,1231,550,129,502,514,24,943,993,244,427
2015,E54000010,NHS Staffordshire and Stoke-on-Trent Integrated Care Board,28117,9891,8535,2178,1483,1165,620,1469,1619,5366,4844,387,135,5349,5105,177,NA,NA,NA,68,5348,2815,1921,353,166,92,2688,513,290,59,227,240,15,500,531,106,207
2015,E54000011,NHS Shropshire Telford and Wrekin Integrated Care Board,9731,3905,3607,884,584,448,262,651,777,2149,1918,184,48,2141,1987,119,NA,NA,NA,34,2125,1154,688,143,66,75,1244,212,94,14,77,174,9,280,277,40,65
2015,E54000013,NHS Lincolnshire Integrated Care Board,13997,5926,5825,1421,984,767,381,1071,1203,3507,3127,317,62,3498,3276,176,NA,NA,NA,45,3479,1696,1261,311,117,93,1996,359,206,18,129,234,15,402,416,81,139
2015,E54000015,NHS Leicester Leicestershire and Rutland Integrated Care Board,24488,8022,7933,1916,1303,1034,630,1369,1680,4821,4281,373,168,4818,4451,260,NA,NA,NA,106,4808,2204,1805,437,224,138,2632,519,187,68,151,264,14,468,594,127,238
2015,E54000018,NHS Coventry and Warwickshire Integrated Care Board,23850,7595,6931,1751,1206,905,598,1141,1329,4417,3914,362,140,4413,4183,143,NA,NA,NA,86,4404,2260,1572,388,120,64,2138,507,179,38,150,200,11,299,459,118,178
2015,E54000019,NHS Herefordshire and Worcestershire Integrated Care Board,12416,5577,5828,1403,1021,679,393,1093,1240,3456,3108,264,85,3461,3302,115,NA,NA,NA,43,3457,1828,1206,250,123,50,2053,292,146,55,120,173,9,509,550,81,120
2015,E54000022,NHS Norfolk and Waveney Integrated Care Board,16007,7096,7731,2015,1425,1189,598,1193,1314,5177,4619,424,135,5180,4929,158,NA,NA,NA,93,5142,2626,1868,368,188,91,2159,391,204,50,193,162,5,381,485,97,191
2015,E54000023,NHS Suffolk and North East Essex Integrated Care Board,15326,6426,7379,1942,1274,1082,559,1256,1269,4813,4252,443,118,4805,4547,174,NA,NA,NA,84,4794,2225,1832,496,162,81,2163,363,140,64,189,188,10,453,512,67,180
2015,E54000024,NHS Bedfordshire Luton and Milton Keynes Integrated Care Board,19674,6236,6899,1541,1086,881,596,1295,1502,4068,3493,433,141,4055,3744,227,NA,NA,NA,86,4038,1847,1529,353,186,126,2422,613,132,68,181,293,9,344,454,125,203
2015,E54000025,NHS Hertfordshire and West Essex Integrated Care Board,26623,9444,11094,2672,1694,1478,877,2081,2294,6650,5856,639,155,6635,6271,285,NA,NA,NA,80,6608,3272,2371,598,247,119,3803,738,180,117,242,554,11,617,891,158,296
2015,E54000026,NHS Mid and South Essex Integrated Care Board,30219,10445,8786,2132,1530,1229,792,1542,1562,5630,5018,501,111,5630,5366,181,NA,NA,NA,83,5619,2974,1952,430,197,64,2684,598,162,62,260,231,2,463,621,122,159
2015,E54000027,NHS North West London Integrated Care Board,81826,19885,16659,2913,2015,2101,1721,2948,4964,8629,6802,1213,615,8612,7652,602,NA,NA,NA,356,8544,3638,3262,993,353,299,6805,2028,199,264,321,1065,35,366,1510,409,610
2015,E54000028,NHS North Central London Integrated Care Board,45665,12496,10661,1911,1288,1335,1189,1907,3033,5637,4477,861,300,5628,5063,345,NA,NA,NA,219,5597,2278,2180,665,286,190,4266,1013,108,126,199,781,11,285,1111,213,419
2015,E54000029,NHS North East London Integrated Care Board,65224,16431,13695,2530,1715,1722,1637,2534,3555,7494,5791,1131,573,7460,6527,591,NA,NA,NA,343,7405,3023,2867,866,339,310,5246,1845,174,197,286,802,20,242,835,306,539
2015,E54000030,NHS South East London Integrated Care Board,48595,13154,13229,2348,1743,1708,1479,2564,3385,7168,5724,1092,352,7159,6485,436,NA,NA,NA,239,7089,3149,2656,772,296,216,5127,1253,159,203,303,891,20,436,1118,290,454
2015,E54000031,NHS South West London Integrated Care Board,39138,11234,11499,2137,1366,1419,1151,2318,3106,6001,4917,890,196,6002,5535,329,NA,NA,NA,139,5966,2625,2297,625,245,173,4710,1026,119,155,253,818,16,478,1226,229,392
2015,E54000032,NHS Kent and Medway Integrated Care Board,38913,14871,13184,2685,1947,1510,1165,2800,3078,7226,6153,896,177,7223,6656,456,NA,NA,NA,113,7163,3303,2564,715,289,293,5153,854,288,69,352,791,23,946,1184,222,425
2015,E54000034,NHS Frimley Integrated Care Board,13881,4768,5487,1171,777,581,470,1086,1399,2948,2540,295,112,2952,2756,132,NA,NA,NA,64,2930,1415,1031,260,140,86,2167,448,63,36,143,334,10,328,558,96,152
2015,E54000036,NHS Cornwall and the Isles of Scilly Integrated Care Board,8939,4212,4063,1018,723,488,264,748,822,2466,2152,276,38,2484,2346,119,NA,NA,NA,19,2459,1364,742,167,93,93,1313,179,102,4,65,167,22,262,356,48,108
2015,E54000037,NHS Devon Integrated Care Board,21268,9785,8760,2170,1471,1169,585,1572,1792,5333,4721,498,114,5324,5011,230,NA,NA,NA,83,5306,2719,1828,405,187,166,2959,399,222,37,182,393,22,622,778,80,225
2015,E54000038,NHS Somerset Integrated Care Board,10176,4634,4196,1052,745,551,348,696,805,2673,2394,236,42,2668,2587,50,NA,NA,NA,31,2663,1343,951,198,102,69,1324,239,92,21,80,58,3,255,395,67,115
2015,E54000039,NHS Bristol North Somerset and South Gloucestershire Integrated Care Board,16990,6060,7216,1860,1293,915,503,1234,1411,4525,3949,475,102,4499,4199,214,NA,NA,NA,86,4514,2259,1552,393,171,138,2285,422,117,42,139,271,8,468,508,116,194
2015,E54000040,NHS Bath and North East Somerset Swindon and Wiltshire Integrated Care Board,15329,6503,6798,1572,1122,778,459,1179,1689,3888,3393,403,92,3889,3632,205,NA,NA,NA,53,3870,1813,1440,306,166,146,2478,375,142,47,120,299,19,529,685,66,195
2015,E54000041,NHS Dorset Integrated Care Board,13772,5910,5978,1489,1056,696,398,1149,1189,3581,3187,338,55,3592,3390,168,NA,NA,NA,34,3578,1758,1203,356,155,106,2030,283,136,18,108,190,2,448,640,63,143
2015,E54000042,NHS Hampshire and Isle of Wight Integrated Care Board,28667,11338,13540,3056,2170,1571,902,2524,3319,7623,6579,846,199,7617,7192,332,NA,NA,NA,93,7600,3586,2786,658,354,215,5067,721,233,72,254,599,17,1205,1456,158,353
2015,E54000043,NHS Gloucestershire Integrated Care Board,11755,4912,4726,1008,688,474,323,839,1394,2461,2115,317,29,2456,2339,101,NA,NA,NA,16,2445,1294,777,206,101,66,1983,246,108,17,80,250,2,495,596,57,132
2015,E54000044,NHS Buckinghamshire Oxfordshire and Berkshire West Integrated Care Board,29302,10871,12876,2608,1866,1335,976,2506,3587,6704,5707,793,206,6700,6325,271,NA,NA,NA,105,6681,3297,2361,559,277,186,5365,806,191,82,245,825,13,1060,1596,168,378
2015,E54000048,NHS Lancashire and South Cumbria Integrated Care Board,42832,14256,12744,3280,2150,1597,888,2032,2797,7821,6873,722,227,7802,7283,382,NA,NA,NA,138,7791,3901,2596,659,337,295,4142,721,479,48,243,422,39,995,770,126,300
2015,E54000050,NHS North East and North Cumbria Integrated Care Board,71405,24892,23170,6049,4142,3104,1910,3902,4061,15027,13431,1193,404,15004,14264,443,NA,NA,NA,295,14949,8179,5027,1047,439,257,6731,1690,836,112,621,517,23,1035,1123,320,454
2015,E54000051,NHS Humber and North Yorkshire Integrated Care Board,35057,13381,12782,3224,2236,1695,883,2126,2617,7942,7069,698,176,7927,7486,346,NA,NA,NA,92,7923,4316,2665,511,246,190,4116,638,441,73,266,420,53,886,934,123,280
2015,E54000052,NHS Surrey Heartlands Integrated Care Board,16758,6622,7910,1591,1094,747,537,1638,2305,3925,3373,451,100,3926,3574,273,NA,NA,NA,80,3889,1861,1371,367,166,123,3475,360,110,60,118,706,25,699,1046,123,227
2015,E54000053,NHS Sussex Integrated Care Board,31349,12067,12844,3008,2122,1522,930,2371,2891,7504,6487,853,165,7512,6982,416,NA,NA,NA,113,7453,3381,2677,767,364,264,4567,651,250,74,272,594,14,919,1223,178,388
2015,E54000054,NHS West Yorkshire Integrated Care Board,57224,17013,18105,4918,3296,2326,1494,2708,3362,11917,10415,1039,463,11885,10857,829,NA,NA,NA,196,11856,5493,4214,1076,552,524,5149,1027,492,79,275,708,77,892,953,235,413
2015,E54000055,NHS Birmingham and Solihull Integrated Care Board,44836,11209,10170,2152,1663,1378,1057,1882,2038,6175,5289,569,319,6156,5685,272,NA,NA,NA,199,6134,3013,2288,511,168,153,3368,958,233,112,266,286,7,438,566,218,283
2015,E54000056,NHS Cambridgeshire and Peterborough Integrated Care Board,16017,6112,6612,1519,1045,761,522,1176,1590,3809,3277,415,117,3815,3531,197,NA,NA,NA,86,3781,1693,1503,321,144,120,2419,459,129,48,153,247,8,517,554,99,206
2015,E54000057,NHS Greater Manchester Integrated Care Board,91185,25774,20925,5624,3527,2758,1648,3399,3968,13413,11584,1405,423,13388,12247,816,NA,NA,NA,325,13306,6628,4465,1209,510,490,6328,1509,593,156,450,797,81,914,1034,235,560
2015,E54000058,NHS Derby and Derbyshire Integrated Care Board,18737,7203,7969,2114,1416,974,498,1366,1601,4947,4440,410,98,4944,4547,331,NA,NA,NA,66,4928,2369,1729,467,179,184,2547,501,255,45,186,259,8,530,462,123,173
2015,E54000059,NHS Northamptonshire Integrated Care Board,12037,4316,5468,1391,957,689,510,896,1025,3504,3017,395,92,3500,3299,153,NA,NA,NA,48,3474,1738,1243,259,141,94,1665,365,111,38,112,130,7,345,352,90,115
2015,E54000060,NHS Nottingham and Nottinghamshire Integrated Care Board,26470,8500,8497,2016,1530,1186,684,1449,1635,5345,4666,525,154,5357,5060,201,NA,NA,NA,97,5345,2544,1954,488,218,140,2680,601,283,47,215,176,6,456,486,119,293
2015,E54000061,NHS South Yorkshire Integrated Care Board,32976,11239,10434,2994,2064,1466,866,1540,1503,7283,6429,643,212,7266,6791,378,NA,NA,NA,98,7264,3920,2412,493,236,204,2563,644,350,65,281,261,16,287,341,112,209
2015,E54000062,NHS Black Country Integrated Care Board,42891,11247,8756,1953,1448,1256,963,1543,1594,5539,4735,492,311,5529,5133,231,NA,NA,NA,166,5533,2702,2104,454,138,134,2695,849,263,122,247,207,1,269,346,163,226
2016,E54000008,NHS Cheshire and Merseyside Integrated Care Board,58456,21011,18543,4472,3286,2603,1688,2986,3508,11923,10637,984,302,11912,11194,492,NA,NA,NA,227,11902,6528,3903,872,347,252,5653,1354,500,166,538,477,18,812,1108,239,442
2016,E54000010,NHS Staffordshire and Stoke-on-Trent Integrated Care Board,23169,9629,8166,1914,1528,1064,626,1235,1798,5077,4532,415,131,5045,4790,158,NA,NA,NA,97,5053,2741,1704,357,151,100,2602,484,266,57,220,247,8,453,564,113,190
2016,E54000011,NHS Shropshire Telford and Wrekin Integrated Care Board,7782,3561,3463,830,634,406,238,564,791,2087,1863,179,44,2094,1929,118,NA,NA,NA,46,2073,1109,687,151,68,58,1132,176,78,17,74,141,8,243,295,31,71
2016,E54000013,NHS Lincolnshire Integrated Care Board,12083,5872,5564,1359,962,707,368,974,1194,3364,2973,313,79,3361,3103,209,NA,NA,NA,49,3349,1725,1090,305,120,109,1879,341,173,27,148,211,6,332,417,58,166
2016,E54000015,NHS Leicester Leicestershire and Rutland Integrated Care Board,19996,7752,7670,1736,1293,1030,601,1265,1745,4595,3955,464,176,4584,4218,244,NA,NA,NA,123,4583,2171,1660,460,165,127,2604,599,168,69,151,248,20,429,555,118,247
2016,E54000018,NHS Coventry and Warwickshire Integrated Care Board,19582,7579,6762,1609,1152,868,573,1125,1435,4151,3638,365,148,4157,3927,142,NA,NA,NA,87,4145,2239,1447,273,112,74,2243,561,168,54,182,194,19,276,474,122,193
2016,E54000019,NHS Herefordshire and Worcestershire Integrated Care Board,10445,5180,5589,1249,954,755,407,959,1265,3305,2976,283,46,3311,3170,103,NA,NA,NA,38,3306,1843,1096,212,93,62,1967,268,134,37,123,166,5,486,548,55,145
2016,E54000022,NHS Norfolk and Waveney Integrated Care Board,13386,6673,7474,1894,1325,1071,489,1190,1504,4732,4255,403,74,4730,4477,203,NA,NA,NA,50,4730,2484,1623,375,151,98,2331,519,185,47,163,210,13,325,587,91,190
2016,E54000023,NHS Suffolk and North East Essex Integrated Care Board,12567,6167,7030,1602,1219,944,523,1263,1479,4233,3770,410,53,4250,4065,154,NA,NA,NA,30,4237,2126,1510,384,141,76,2360,445,134,53,213,211,20,426,579,91,188
2016,E54000024,NHS Bedfordshire Luton and Milton Keynes Integrated Care Board,15951,5943,6622,1412,1066,792,585,1161,1605,3814,3267,373,174,3810,3473,226,NA,NA,NA,111,3796,1842,1412,329,131,82,2399,606,117,75,191,302,12,292,511,108,186
2016,E54000025,NHS Hertfordshire and West Essex Integrated Care Board,21889,9043,10604,2286,1670,1292,894,1983,2478,6086,5415,522,149,6084,5736,259,NA,NA,NA,89,6068,3057,2179,483,242,107,3939,770,146,106,275,502,5,578,1061,216,281
2016,E54000026,NHS Mid and South Essex Integrated Care Board,24885,10020,8444,1892,1514,1112,794,1495,1638,5271,4723,421,127,5263,5044,148,NA,NA,NA,71,5270,2814,1861,373,133,89,2688,622,153,68,283,243,3,321,649,153,193
2016,E54000027,NHS North West London Integrated Care Board,65478,19450,15781,2732,1862,1886,1535,2651,5117,7875,6094,1227,554,7862,7002,503,NA,NA,NA,357,7813,3393,3035,864,321,199,6753,2085,158,227,302,1033,27,311,1665,362,581
2016,E54000028,NHS North Central London Integrated Care Board,36660,11690,10486,1790,1222,1316,1105,1928,3124,5343,4196,832,315,5338,4704,441,NA,NA,NA,193,5290,2342,1949,547,248,205,4351,1013,97,181,239,769,8,270,1125,252,396
2016,E54000029,NHS North East London Integrated Care Board,53560,15522,13676,2446,1651,1761,1580,2533,3706,7330,5687,1096,547,7330,6353,633,NA,NA,NA,344,7276,2984,2771,893,374,254,5401,1970,173,189,362,772,28,191,909,327,480
2016,E54000030,NHS South East London Integrated Care Board,39561,12547,12852,2378,1531,1624,1439,2373,3507,6856,5517,1016,323,6835,6265,372,NA,NA,NA,199,6823,3121,2570,659,317,156,5119,1359,163,201,286,744,16,447,1198,226,479
2016,E54000031,NHS South West London Integrated Care Board,31670,10747,11121,1964,1295,1302,1044,2190,3326,5545,4575,764,206,5526,5051,338,NA,NA,NA,137,5505,2497,2054,578,227,149,4842,1143,117,158,243,776,16,431,1379,205,373
2016,E54000032,NHS Kent and Medway Integrated Care Board,31849,13813,12762,2497,1822,1471,1029,2597,3345,6749,5750,811,187,6734,6193,429,NA,NA,NA,112,6695,3274,2325,578,300,217,5157,973,277,106,372,730,23,867,1276,193,339
2016,E54000034,NHS Frimley Integrated Care Board,11137,4457,5278,1050,693,633,425,909,1568,2773,2392,282,100,2768,2588,126,NA,NA,NA,54,2763,1443,903,236,97,84,2145,455,65,48,134,282,0,285,615,96,165
2016,E54000036,NHS Cornwall and the Isles of Scilly Integrated Care Board,7451,3947,4018,968,649,532,305,689,874,2421,2113,262,46,2432,2259,161,NA,NA,NA,12,2432,1244,810,190,93,96,1372,209,90,26,93,155,13,253,354,48,131
2016,E54000037,NHS Devon Integrated Care Board,18123,9104,8594,2108,1422,1109,567,1495,1894,5162,4508,561,93,5147,4845,241,NA,NA,NA,61,5139,2745,1643,390,208,154,3003,482,206,62,231,343,22,550,774,119,213
2016,E54000038,NHS Somerset Integrated Care Board,8604,4437,4067,934,712,567,326,636,892,2520,2313,153,54,2512,2409,70,NA,NA,NA,34,2512,1298,871,199,80,63,1342,242,89,19,96,96,3,256,399,42,100
2016,E54000039,NHS Bristol North Somerset and South Gloucestershire Integrated Care Board,13158,5611,6759,1736,1173,817,539,1041,1453,4228,3661,465,102,4216,3938,212,NA,NA,NA,66,4220,2162,1409,372,157,120,2176,399,118,59,131,248,21,406,570,75,147
2016,E54000040,NHS Bath and North East Somerset Swindon and Wiltshire Integrated Care Board,12771,6804,5974,1337,942,713,384,1050,1548,3348,2957,332,60,3343,3145,162,NA,NA,NA,37,3331,1619,1208,288,141,75,2248,309,121,32,148,258,14,455,665,77,169
2016,E54000041,NHS Dorset Integrated Care Board,11476,5676,5737,1371,928,663,390,1077,1309,3308,2834,392,83,3294,3067,175,NA,NA,NA,53,3294,1574,1169,288,148,115,2082,306,106,37,97,225,5,444,633,95,134
2016,E54000042,NHS Hampshire and Isle of Wight Integrated Care Board,23233,10426,13008,2759,2160,1559,844,2312,3374,7257,6349,772,136,7244,6812,341,NA,NA,NA,91,7239,3505,2572,640,304,217,5042,707,221,78,280,616,26,1066,1524,139,386
2016,E54000043,NHS Gloucestershire Integrated Care Board,9270,5037,4157,892,615,426,247,739,1237,2155,1893,215,47,2152,2045,81,NA,NA,NA,26,2142,1087,768,155,76,57,1750,201,95,33,96,198,12,422,535,56,102
2016,E54000044,NHS Buckinghamshire Oxfordshire and Berkshire West Integrated Care Board,24024,10400,12414,2422,1785,1316,933,2355,3603,6398,5546,687,165,6391,6036,246,NA,NA,NA,110,6378,3135,2307,579,213,143,5290,851,207,121,257,717,21,979,1588,167,383
2016,E54000048,NHS Lancashire and South Cumbria Integrated Care Board,35426,13622,12149,2876,2016,1493,871,1936,2957,7183,6225,704,254,7168,6614,422,NA,NA,NA,132,7151,3585,2419,602,303,242,4269,814,462,57,258,435,46,880,852,151,314
2016,E54000050,NHS North East and North Cumbria Integrated Care Board,58823,23948,22099,5412,3823,3140,1842,3487,4395,14068,12662,1060,346,14053,13305,469,NA,NA,NA,279,13999,7885,4613,883,368,249,6792,1754,746,125,616,492,19,975,1252,325,487
2016,E54000051,NHS Humber and North Yorkshire Integrated Care Board,28305,12472,12296,3004,2030,1640,790,2096,2736,7391,6611,614,166,7386,6859,440,NA,NA,NA,86,7373,3982,2400,481,226,283,4259,783,415,67,300,423,18,906,904,138,305
2016,E54000052,NHS Surrey Heartlands Integrated Care Board,14563,6490,7541,1410,944,730,521,1623,2313,3543,3058,402,83,3548,3269,216,NA,NA,NA,62,3516,1752,1244,274,149,98,3492,456,97,78,177,626,13,642,1060,87,256
2016,E54000053,NHS Sussex Integrated Care Board,25746,11416,12294,2690,1881,1361,932,2387,3042,6805,5973,687,145,6798,6254,428,NA,NA,NA,116,6768,3178,2411,605,325,250,4806,725,247,78,296,611,34,865,1373,167,409
2016,E54000054,NHS West Yorkshire Integrated Care Board,47240,16605,17269,4349,3358,2137,1158,2676,3590,10841,9455,1045,340,10857,9867,787,NA,NA,NA,203,10817,5220,3806,931,457,403,5391,1118,484,145,326,703,79,831,1047,203,456
2016,E54000055,NHS Birmingham and Solihull Integrated Care Board,35121,10418,9793,1985,1558,1271,1030,1779,2170,5769,4874,576,319,5750,5240,298,NA,NA,NA,211,5757,2672,2207,560,164,154,3441,1026,235,134,247,308,14,443,576,215,244
2016,E54000056,NHS Cambridgeshire and Peterborough Integrated Care Board,13380,5828,6379,1347,981,781,481,1199,1591,3538,3007,412,119,3541,3250,208,NA,NA,NA,83,3531,1642,1262,335,153,139,2447,485,135,48,169,282,9,456,590,82,190
2016,E54000057,NHS Greater Manchester Integrated Care Board,74109,25128,20221,5024,3533,2636,1551,3241,4235,12569,10760,1358,451,12522,11432,827,NA,NA,NA,262,12507,6413,4174,1030,469,421,6420,1526,578,152,482,711,77,912,1065,285,633
2016,E54000058,NHS Derby and Derbyshire Integrated Care Board,16047,7162,7607,1942,1328,892,547,1299,1598,4666,4136,411,119,4656,4268,305,NA,NA,NA,83,4646,2244,1701,355,196,149,2504,482,251,52,216,258,21,446,507,101,170
2016,E54000059,NHS Northamptonshire Integrated Care Board,10110,4348,5260,1201,965,739,438,816,1102,3305,2838,345,122,3311,3072,184,NA,NA,NA,55,3287,1625,1167,286,105,104,1658,363,136,39,119,122,11,254,372,86,156
2016,E54000060,NHS Nottingham and Nottinghamshire Integrated Care Board,21357,8347,8185,2001,1488,1115,597,1357,1627,5130,4573,407,149,5141,4817,219,NA,NA,NA,106,5136,2589,1818,442,173,114,2579,582,250,76,212,237,8,387,533,104,191
2016,E54000061,NHS South Yorkshire Integrated Care Board,27067,10835,9911,2779,1897,1410,659,1430,1736,6665,5930,528,208,6678,6327,228,NA,NA,NA,122,6649,3753,2168,424,182,123,2678,684,327,60,292,253,18,282,415,118,230
2016,E54000062,NHS Black Country Integrated Care Board,34481,10985,8473,1782,1374,1147,966,1525,1679,5189,4402,506,281,5170,4813,194,NA,NA,NA,163,5164,2577,1946,407,139,95,2739,914,260,93,298,204,5,243,352,188,182
2017,E54000008,NHS Cheshire and Merseyside Integrated Care Board,117479,42287,35583,8757,6060,4886,3035,5831,7013,22432,20030,1832,570,22404,21241,791,NA,NA,NA,372,22379,12905,7079,1396,617,381,11196,2743,889,304,997,907,21,1572,2431,506,827
2017,E54000010,NHS Staffordshire and Stoke-on-Trent Integrated Care Board,45939,18776,15725,3728,2715,2002,1163,2556,3561,9506,8488,765,252,9491,8998,333,NA,NA,NA,159,9480,5074,3238,689,319,160,5311,1135,468,104,451,411,17,933,1200,191,402
2017,E54000011,NHS Shropshire Telford and Wrekin Integrated Care Board,14573,6806,6661,1602,1088,839,504,1058,1571,3991,3586,302,103,3987,3718,205,NA,NA,NA,65,3965,2165,1272,285,162,81,2290,417,146,42,146,297,7,472,536,90,138
2017,E54000013,NHS Lincolnshire Integrated Care Board,24206,11424,10744,2537,1828,1394,706,1771,2509,6389,5715,565,108,6379,5941,343,NA,NA,NA,96,6371,3242,2166,496,260,208,3732,635,346,46,281,396,33,668,868,111,347
2017,E54000015,NHS Leicester Leicestershire and Rutland Integrated Care Board,39455,15194,14802,3417,2489,1946,1132,2346,3472,8897,7742,815,340,8868,8225,435,NA,NA,NA,208,8839,4282,3201,844,289,223,5089,1134,347,148,330,471,45,821,1125,248,420
2017,E54000018,NHS Coventry and Warwickshire Integrated Care Board,38864,14569,13179,3131,2244,1712,1082,2255,2754,8094,7095,744,255,8076,7674,277,NA,NA,NA,124,8074,4359,2825,545,221,124,4389,1100,294,93,368,423,18,456,1003,221,413
2017,E54000019,NHS Herefordshire and Worcestershire Integrated Care Board,21312,10538,10829,2468,1747,1312,791,1895,2615,6251,5498,623,131,6235,5851,299,NA,NA,NA,85,6243,3378,2034,464,227,140,3929,658,222,52,250,315,11,880,1112,120,309
2017,E54000022,NHS Norfolk and Waveney Integrated Care Board,26645,13209,14453,3534,2572,2234,1110,2216,2786,9363,8410,769,184,9352,8833,410,NA,NA,NA,109,9331,4653,3325,747,407,199,4353,876,360,76,399,380,28,610,1069,210,345
2017,E54000023,NHS Suffolk and North East Essex Integrated Care Board,25413,12292,13733,3198,2195,1840,1150,2327,3022,8314,7403,736,174,8302,7729,443,NA,NA,NA,129,8277,4040,2981,687,364,207,4696,911,274,121,366,446,8,869,1223,178,300
2017,E54000024,NHS Bedfordshire Luton and Milton Keynes Integrated Care Board,32314,11798,12825,2821,1893,1534,1250,2333,2994,7407,6298,832,277,7407,6779,466,NA,NA,NA,162,7387,3467,2738,717,278,187,4615,1227,209,139,353,521,28,507,1005,219,406
2017,E54000025,NHS Hertfordshire and West Essex Integrated Care Board,43930,18111,20574,4522,3083,2618,1738,3722,4892,11872,10415,1168,289,11860,11208,459,NA,NA,NA,192,11816,6159,4157,852,441,208,7508,1392,331,178,507,994,40,1078,2048,350,589
2017,E54000026,NHS Mid and South Essex Integrated Care Board,48873,19343,16240,3858,2805,2220,1443,2778,3136,10219,9162,822,234,10218,9791,273,NA,NA,NA,154,10205,5823,3404,620,244,114,5151,1262,303,177,500,412,18,654,1172,241,412
2017,E54000027,NHS North West London Integrated Care Board,132991,37702,31250,5188,3612,3677,3287,5273,10214,15491,12153,2148,1190,15479,13701,1058,NA,NA,NA,719,15398,6729,5876,1721,590,483,13530,3975,348,432,645,2077,37,611,3397,758,1251
2017,E54000028,NHS North Central London Integrated Care Board,73846,22076,20839,3479,2343,2612,2176,3751,6478,10465,8240,1530,694,10434,9280,704,NA,NA,NA,450,10365,4458,3925,1148,465,370,9036,2167,230,320,372,1547,16,493,2507,434,949
2017,E54000029,NHS North East London Integrated Care Board,108572,29646,27033,4776,3151,3671,3074,4795,7566,14439,11134,2271,1035,14429,12552,1197,NA,NA,NA,679,14364,5850,5580,1657,729,548,10741,3726,288,463,558,1508,46,425,1977,699,1052
2017,E54000030,NHS South East London Integrated Care Board,80358,24073,24832,4370,3005,3117,2767,4745,6829,13078,10547,1959,572,13044,11911,732,NA,NA,NA,402,12982,6073,4880,1215,479,334,10120,2717,286,365,587,1546,20,793,2438,539,828
2017,E54000031,NHS South West London Integrated Care Board,64554,20914,21690,3770,2588,2566,2133,4290,6342,10906,8943,1477,486,10916,9943,647,NA,NA,NA,326,10851,4988,4102,1062,431,269,9371,2060,223,319,522,1385,37,824,2830,502,669
2017,E54000032,NHS Kent and Medway Integrated Care Board,63289,26850,24864,4788,3627,2922,1965,4979,6582,13151,11450,1358,343,13121,12116,792,NA,NA,NA,213,13068,6192,4765,1163,513,435,10002,1885,476,166,708,1415,68,1597,2565,401,721
2017,E54000034,NHS Frimley Integrated Care Board,22656,8667,10338,2093,1407,1165,844,1872,2956,5423,4680,590,154,5431,5074,233,NA,NA,NA,124,5420,2676,1927,502,188,127,4219,820,125,94,248,647,15,520,1224,186,341
2017,E54000036,NHS Cornwall and the Isles of Scilly Integrated Care Board,14706,7663,7875,1959,1212,1032,561,1401,1710,4710,4103,507,101,4718,4291,374,NA,NA,NA,53,4684,2375,1424,388,255,242,2722,436,218,48,203,370,64,435,634,78,235
2017,E54000037,NHS Devon Integrated Care Board,35420,17498,16333,3761,2750,2172,1184,2794,3672,9754,8597,987,170,9759,9023,609,NA,NA,NA,127,9719,4979,3197,803,417,324,5692,797,383,109,369,678,51,1023,1569,200,513
2017,E54000038,NHS Somerset Integrated Care Board,16790,8557,7854,1851,1339,1090,661,1330,1583,4879,4430,351,98,4873,4661,147,NA,NA,NA,65,4873,2414,1809,381,163,105,2561,477,186,48,210,188,1,507,694,91,159
2017,E54000039,NHS Bristol North Somerset and South Gloucestershire Integrated Care Board,25302,10490,13346,3317,2373,1605,903,2185,2963,8126,7081,816,229,8111,7584,379,NA,NA,NA,147,8095,4109,2829,693,280,184,4520,817,223,117,286,567,3,819,1100,182,405
2017,E54000040,NHS Bath and North East Somerset Swindon and Wiltshire Integrated Care Board,25005,12480,12378,2708,2056,1481,844,2074,3216,7023,6221,632,169,7013,6542,368,NA,NA,NA,103,6990,3552,2418,569,261,191,4717,671,252,100,333,537,22,840,1418,152,391
2017,E54000041,NHS Dorset Integrated Care Board,23121,11152,11028,2599,1877,1317,651,2066,2518,6380,5627,640,113,6382,5969,326,NA,NA,NA,88,6343,3043,2220,581,301,197,4042,593,222,79,257,403,11,714,1288,135,341
2017,E54000042,NHS Hampshire and Isle of Wight Integrated Care Board,46134,20553,25380,5499,3962,2875,1772,4616,6656,13983,12231,1401,350,13968,13019,717,NA,NA,NA,233,13925,6668,4952,1272,579,454,9938,1370,473,205,577,1222,43,1894,3054,348,754
2017,E54000043,NHS Gloucestershire Integrated Care Board,18899,9313,8711,1711,1291,902,554,1568,2686,4408,3959,399,51,4402,4197,159,NA,NA,NA,46,4404,2285,1495,328,184,112,3784,468,183,84,178,455,11,849,1205,96,254
2017,E54000044,NHS Buckinghamshire Oxfordshire and Berkshire West Integrated Care Board,47418,19685,24222,4796,3223,2532,1801,4636,7234,12261,10736,1217,308,12234,11491,548,NA,NA,NA,195,12191,6143,4316,1018,409,304,10612,1675,327,242,592,1570,36,1730,3273,381,786
2017,E54000048,NHS Lancashire and South Cumbria Integrated Care Board,71382,27453,23458,5814,3856,2867,1591,3804,5526,13972,12334,1251,387,13952,12979,723,NA,NA,NA,250,13901,7207,4622,1101,555,416,8090,1517,789,133,474,795,90,1565,1803,285,639
2017,E54000050,NHS North East and North Cumbria Integrated Care Board,123886,50959,45947,11314,7810,6295,3872,7344,9311,29002,26001,2186,815,28946,27347,1081,NA,NA,NA,518,28907,15953,9642,1984,760,568,14510,3695,1669,394,1227,1087,41,2031,2673,682,1011
2017,E54000051,NHS Humber and North Yorkshire Integrated Care Board,54866,24273,23499,5776,4127,2962,1595,3742,5296,14303,12840,1146,316,14279,13298,765,NA,NA,NA,216,14253,7554,4772,1026,493,408,7939,1417,722,122,563,819,74,1510,1842,237,633
2017,E54000052,NHS Surrey Heartlands Integrated Care Board,29428,12800,14624,2787,1811,1436,923,3001,4665,6888,6026,701,161,6904,6376,419,NA,NA,NA,109,6861,3410,2378,610,246,217,6807,884,178,79,322,1260,42,1210,2206,190,435
2017,E54000053,NHS Sussex Integrated Care Board,48678,21396,23870,5343,3576,2712,1764,4483,5992,13275,11546,1399,330,13237,12251,808,NA,NA,NA,178,13181,6428,4537,1212,588,416,9176,1491,382,231,578,1231,36,1546,2727,282,672
2017,E54000054,NHS West Yorkshire Integrated Care Board,95791,32776,33509,8703,6055,4273,2319,4969,7189,21080,18369,1967,744,21054,19175,1378,NA,NA,NA,501,21004,10421,7244,1708,845,787,10400,2110,864,196,665,1354,132,1708,2083,384,906
2017,E54000055,NHS Birmingham and Solihull Integrated Care Board,70350,19949,19124,4139,2854,2521,1889,3339,4382,11226,9391,1232,602,11190,10166,639,NA,NA,NA,385,11179,5381,4167,1024,331,275,6780,1930,367,221,560,718,24,774,1255,373,558
2017,E54000056,NHS Cambridgeshire and Peterborough Integrated Care Board,27139,11577,12588,2607,1889,1462,902,2252,3475,6783,5823,761,199,6784,6137,528,NA,NA,NA,119,6754,2890,2442,749,359,314,5050,1040,213,103,295,526,31,801,1363,182,496
2017,E54000057,NHS Greater Manchester Integrated Care Board,149098,48661,39278,10074,6691,5026,3207,5812,8469,24701,21209,2485,1007,24649,22349,1636,NA,NA,NA,663,24554,12593,8107,2037,981,836,12423,3161,1040,288,860,1423,134,1635,2210,533,1140
2017,E54000058,NHS Derby and Derbyshire Integrated Care Board,31905,14144,14738,3870,2687,1739,960,2534,2949,9168,8186,754,229,9161,8473,547,NA,NA,NA,141,9125,4683,3100,690,367,284,4704,847,424,89,342,468,31,852,1030,239,383
2017,E54000059,NHS Northamptonshire Integrated Care Board,20188,8300,10261,2471,1665,1399,832,1720,2174,6314,5639,498,177,6301,5820,371,NA,NA,NA,109,6296,2967,2269,581,258,222,3385,743,237,73,299,323,16,453,785,186,271
2017,E54000060,NHS Nottingham and Nottinghamshire Integrated Care Board,43261,16343,15957,3844,2759,2210,1242,2543,3359,9941,8690,947,304,9915,9301,433,NA,NA,NA,181,9914,4828,3511,923,386,267,5143,1187,493,158,400,437,18,726,1064,237,422
2017,E54000061,NHS South Yorkshire Integrated Care Board,53688,21124,19370,5111,3730,2723,1605,2819,3383,13004,11569,1036,398,12999,12212,549,NA,NA,NA,238,12956,7447,4096,813,354,246,5281,1362,627,111,504,496,19,487,888,257,531
2017,E54000062,NHS Black Country Integrated Care Board,69874,21701,16459,3578,2562,2228,1683,2883,3525,9900,8407,994,499,9887,9132,436,NA,NA,NA,320,9863,4904,3677,813,282,187,5491,1891,465,176,532,432,13,431,731,370,450
2018,E54000008,NHS Cheshire and Merseyside Integrated Care Board,121793,40205,33510,8133,5901,4621,2891,5232,6733,21300,18965,1708,627,21275,20194,716,NA,NA,NA,365,21248,12553,6394,1329,598,373,10369,2520,772,263,853,852,41,1415,2256,498,899
2018,E54000010,NHS Staffordshire and Stoke-on-Trent Integrated Care Board,45343,17402,14532,3434,2618,1883,1005,2161,3432,8831,7879,704,248,8838,8410,274,NA,NA,NA,153,8827,4860,2965,574,275,152,4863,1014,369,128,382,402,29,760,1161,185,433
2018,E54000011,NHS Shropshire Telford and Wrekin Integrated Care Board,14944,6684,6032,1427,1020,773,353,924,1535,3536,3129,323,84,3533,3296,191,NA,NA,NA,46,3523,1998,1040,278,105,102,2152,366,131,37,105,238,30,427,563,68,186
2018,E54000013,NHS Lincolnshire Integrated Care Board,23437,10561,9919,2170,1590,1224,760,1673,2503,5689,4993,575,121,5683,5143,477,NA,NA,NA,63,5654,2836,1852,476,198,291,3629,620,279,45,248,411,61,616,893,117,339
2018,E54000015,NHS Leicester Leicestershire and Rutland Integrated Care Board,40650,14527,14079,3118,2444,1811,1038,2158,3509,8301,7254,726,321,8308,7701,411,NA,NA,NA,195,8288,4279,2760,735,325,189,4926,1089,268,135,319,421,41,744,1165,278,466
2018,E54000018,NHS Coventry and Warwickshire Integrated Care Board,39956,13913,12478,2833,2264,1571,1086,1905,2820,7677,6779,609,289,7671,7271,237,NA,NA,NA,163,7658,4235,2541,498,216,168,4123,1035,256,123,327,344,22,431,965,263,357
2018,E54000019,NHS Herefordshire and Worcestershire Integrated Care Board,22305,10178,10248,2178,1631,1349,674,1705,2712,5767,5106,528,133,5759,5431,214,NA,NA,NA,113,5757,3214,1843,395,158,146,3835,608,208,61,221,301,16,852,1128,138,301
2018,E54000022,NHS Norfolk and Waveney Integrated Care Board,27243,12349,13643,3191,2642,2104,970,2060,2676,8814,7769,823,222,8800,8264,406,NA,NA,NA,130,8776,4559,2959,668,324,267,4117,821,305,77,330,403,25,499,1080,182,395
2018,E54000023,NHS Suffolk and North East Essex Integrated Care Board,25941,11787,12912,2826,2254,1688,1011,2116,3017,7702,6789,721,192,7701,7179,387,NA,NA,NA,135,7694,3824,2747,634,265,225,4503,857,266,85,297,436,26,815,1198,147,376
2018,E54000024,NHS Bedfordshire Luton and Milton Keynes Integrated Care Board,32977,11403,12328,2510,1984,1458,1144,2196,3035,7022,6001,735,286,6997,6429,388,NA,NA,NA,180,6968,3478,2442,602,262,184,4503,1068,188,122,302,571,20,493,1067,266,405
2018,E54000025,NHS Hertfordshire and West Essex Integrated Care Board,45132,17131,19485,4484,2922,2256,1626,3429,4769,11205,9870,1043,293,11181,10499,457,NA,NA,NA,225,11160,6105,3647,877,304,229,7158,1249,258,232,420,992,38,912,2131,325,601
2018,E54000026,NHS Mid and South Essex Integrated Care Board,50703,18307,15320,3574,2834,1964,1337,2429,3182,9623,8648,735,240,9609,9178,293,NA,NA,NA,138,9586,5531,3084,610,226,134,4856,1149,212,114,412,436,10,601,1252,266,403
2018,E54000027,NHS North West London Integrated Care Board,141374,35180,29891,5214,3677,3396,2970,4655,9978,15019,11744,2078,1197,14987,13306,940,NA,NA,NA,741,14907,6684,5569,1652,523,479,12906,3547,277,415,493,1956,47,543,3546,748,1333
2018,E54000028,NHS North Central London Integrated Care Board,76782,20262,19931,3393,2312,2380,2020,3560,6267,9958,7920,1365,674,9944,8859,660,NA,NA,NA,425,9905,4454,3611,1074,426,340,8651,1994,211,321,397,1481,36,441,2425,416,928
2018,E54000029,NHS North East London Integrated Care Board,114060,27796,26022,4713,3263,3255,2901,4567,7323,13912,10860,2073,979,13892,12153,1062,NA,NA,NA,677,13815,5818,5327,1507,642,521,10291,3410,253,419,548,1492,37,357,2034,663,1079
2018,E54000030,NHS South East London Integrated Care Board,84992,22187,24122,4187,3089,3157,2557,4459,6673,12788,10285,1841,662,12795,11636,692,NA,NA,NA,467,12714,6182,4503,1234,455,340,9650,2508,226,368,536,1513,33,693,2273,594,907
2018,E54000031,NHS South West London Integrated Care Board,68606,19845,20660,3628,2559,2343,1965,3756,6409,10388,8488,1479,421,10375,9569,531,NA,NA,NA,275,10305,4902,3676,1013,414,300,8863,1878,170,316,452,1417,29,735,2577,438,850
2018,E54000032,NHS Kent and Medway Integrated Care Board,64058,25089,23350,4622,3391,2669,1795,4293,6580,12340,10583,1325,431,12319,11259,848,NA,NA,NA,212,12287,6097,4200,1092,439,459,9445,1592,445,179,601,1425,85,1465,2489,405,761
2018,E54000034,NHS Frimley Integrated Care Board,24090,8308,9744,1962,1490,1117,719,1602,2853,5235,4477,553,205,5217,4884,212,NA,NA,NA,121,5227,2696,1797,463,154,118,3949,782,121,86,189,600,20,495,1129,191,335
2018,E54000036,NHS Cornwall and the Isles of Scilly Integrated Care Board,14859,7180,7482,1749,1211,1018,506,1248,1750,4433,3873,476,84,4443,4018,383,NA,NA,NA,42,4420,2161,1432,357,215,255,2603,359,150,20,143,399,63,424,730,71,246
2018,E54000037,NHS Devon Integrated Care Board,34451,15631,15663,3721,2623,1956,1145,2488,3729,9341,8203,908,230,9330,8569,642,NA,NA,NA,119,9311,4922,2855,713,446,375,5427,860,372,59,283,636,69,877,1608,139,523
2018,E54000038,NHS Somerset Integrated Care Board,16810,8068,7335,1702,1226,1033,574,1192,1610,4492,4051,362,79,4486,4282,150,NA,NA,NA,54,4478,2337,1564,352,126,98,2411,419,153,57,153,170,4,402,753,88,213
2018,E54000039,NHS Bristol North Somerset and South Gloucestershire Integrated Care Board,25593,9460,12675,3064,2368,1515,818,1931,2979,7691,6792,740,160,7675,7265,335,NA,NA,NA,75,7658,4107,2604,532,253,161,4344,795,181,131,283,534,29,661,1184,124,423
2018,E54000040,NHS Bath and North East Somerset Swindon and Wiltshire Integrated Care Board,24962,11288,11289,2397,1924,1406,731,1833,2999,6400,5603,651,145,6386,6018,271,NA,NA,NA,97,6383,3229,2177,508,298,171,4254,602,197,105,247,509,39,733,1346,148,328
2018,E54000041,NHS Dorset Integrated Care Board,22000,10073,10118,2344,1858,1333,658,1653,2273,6146,5399,579,168,6137,5798,232,NA,NA,NA,107,6128,3109,2052,517,260,190,3463,467,164,66,225,364,9,588,1178,107,296
2018,E54000042,NHS Hampshire and Isle of Wight Integrated Care Board,44272,18205,23594,4947,4072,2738,1609,3839,6390,13245,11585,1335,325,13242,12332,707,NA,NA,NA,203,13216,6599,4452,1109,551,505,9001,1200,388,156,496,1159,42,1573,2932,265,790
2018,E54000043,NHS Gloucestershire Integrated Care Board,20334,8987,8232,1564,1197,961,544,1369,2598,4222,3673,438,111,4223,3968,179,NA,NA,NA,76,4198,2247,1386,327,146,91,3506,473,138,52,167,447,9,696,1186,89,249
2018,E54000044,NHS Buckinghamshire Oxfordshire and Berkshire West Integrated Care Board,48707,18545,23112,4362,3316,2521,1661,4006,7246,11743,10311,1125,307,11727,11154,393,NA,NA,NA,180,11712,6130,4029,916,383,254,10036,1646,287,213,486,1344,33,1495,3348,366,818
2018,E54000048,NHS Lancashire and South Cumbria Integrated Care Board,70060,24422,22069,5538,3813,2691,1578,3109,5340,13436,11583,1494,359,13402,12303,806,NA,NA,NA,293,13412,7018,4209,1150,593,442,7280,1243,710,136,392,682,79,1330,1778,244,684
2018,E54000050,NHS North East and North Cumbria Integrated Care Board,123292,47112,43511,10190,7702,5866,3815,6464,9475,27233,24306,2199,729,27206,25680,1029,NA,NA,NA,498,27184,15223,8742,1802,848,569,13661,3151,1332,320,1159,1126,56,2054,2743,625,1095
2018,E54000051,NHS Humber and North Yorkshire Integrated Care Board,53712,22278,22042,5159,4034,2932,1439,3255,5222,13412,11939,1143,330,13424,12330,902,NA,NA,NA,191,13361,7198,4081,1021,546,515,7383,1235,666,111,461,771,77,1323,1904,230,606
2018,E54000052,NHS Surrey Heartlands Integrated Care Board,30756,12160,13804,2572,1892,1292,852,2556,4640,6551,5617,807,127,6531,6075,352,NA,NA,NA,104,6505,3498,2060,526,233,188,6382,814,175,109,256,1174,46,1007,2165,170,465
2018,E54000053,NHS Sussex Integrated Care Board,49446,20003,22291,5035,3609,2563,1547,3798,5740,12625,11048,1293,284,12612,11628,778,NA,NA,NA,207,12577,6267,4066,1191,622,431,8369,1271,356,134,423,1185,53,1329,2568,280,770
2018,E54000054,NHS West Yorkshire Integrated Care Board,101479,32131,31478,8310,5793,3887,2059,4429,6999,19795,17219,1866,710,19762,17943,1428,NA,NA,NA,391,19746,9944,6495,1688,770,849,9706,1898,722,206,574,1290,195,1333,2154,323,1012
2018,E54000055,NHS Birmingham and Solihull Integrated Care Board,74770,19318,17957,3816,2817,2265,1727,3075,4257,10453,8738,1114,601,10452,9493,570,NA,NA,NA,389,10460,5219,3577,1016,364,284,6394,1961,317,195,469,521,18,619,1243,450,601
2018,E54000056,NHS Cambridgeshire and Peterborough Integrated Care Board,28099,10960,11897,2526,1960,1390,856,1981,3183,6679,5734,734,210,6645,5997,504,NA,NA,NA,144,6654,3020,2384,689,304,257,4522,821,200,96,223,566,46,695,1289,163,423
2018,E54000057,NHS Greater Manchester Integrated Care Board,157377,45680,37334,9414,6579,4746,2784,5423,8388,23211,19935,2352,924,23178,21227,1367,NA,NA,NA,584,23143,12398,7376,1808,846,716,11950,2921,851,266,798,1447,160,1518,2274,508,1208
2018,E54000058,NHS Derby and Derbyshire Integrated Care Board,33137,13910,13847,3636,2577,1702,875,1989,3068,8702,7703,738,261,8696,8058,516,NA,NA,NA,122,8685,4475,2862,781,334,233,4348,815,339,74,256,448,50,817,972,180,396
2018,E54000059,NHS Northamptonshire Integrated Care Board,20930,7965,9772,2181,1684,1345,755,1519,2288,5912,5210,525,177,5904,5461,330,NA,NA,NA,113,5904,2891,2003,529,284,197,3267,625,223,86,276,269,46,434,821,153,333
2018,E54000060,NHS Nottingham and Nottinghamshire Integrated Care Board,44688,15837,15090,3557,2775,2019,1109,2255,3375,9341,8205,858,277,9331,8673,483,NA,NA,NA,175,9324,4661,3254,803,380,227,4844,1139,395,129,355,384,19,688,1047,225,463
2018,E54000061,NHS South Yorkshire Integrated Care Board,56365,20271,18227,5019,3542,2465,1300,2447,3453,12196,10843,973,380,12182,11462,516,NA,NA,NA,204,12156,7093,3740,724,367,231,5019,1334,527,125,444,439,34,437,871,263,547
2018,E54000062,NHS Black Country Integrated Care Board,70608,20125,15109,3274,2470,2044,1473,2518,3330,9122,7720,936,466,9113,8417,389,NA,NA,NA,308,9093,4803,3181,721,214,175,4995,1678,361,125,472,378,17,402,762,345,455
2019,E54000008,NHS Cheshire and Merseyside Integrated Care Board,128798,40828,17801,4378,3124,2457,1633,2695,3514,11461,10159,949,353,11417,10788,420,NA,NA,NA,210,11419,6663,3468,816,266,205,5281,1336,369,110,395,451,29,633,1174,289,496
2019,E54000010,NHS Staffordshire and Stoke-on-Trent Integrated Care Board,47813,18007,7796,1771,1441,914,529,1145,1997,4605,4067,362,176,4605,4342,175,NA,NA,NA,88,4604,2504,1561,313,145,81,2665,538,203,74,222,231,17,408,688,77,206
2019,E54000011,NHS Shropshire Telford and Wrekin Integrated Care Board,15070,6760,3264,719,594,412,229,514,795,1929,1699,186,44,1930,1794,102,NA,NA,NA,34,1934,1064,580,152,82,56,1153,189,63,40,62,135,9,188,314,49,104
2019,E54000013,NHS Lincolnshire Integrated Care Board,23149,10306,5301,1164,994,634,367,833,1310,3120,2763,284,74,3126,2846,240,NA,NA,NA,40,3115,1523,1004,269,171,147,1829,335,137,29,92,195,22,323,465,82,149
2019,E54000015,NHS Leicester Leicestershire and Rutland Integrated Care Board,43193,15076,7578,1788,1232,960,547,1124,1926,4471,3908,404,159,4473,4186,204,NA,NA,NA,84,4466,2146,1648,397,152,123,2610,577,144,52,167,240,28,355,709,116,220
2019,E54000018,NHS Coventry and Warwickshire Integrated Care Board,41879,13977,6890,1653,1184,888,577,1022,1566,4252,3764,340,147,4247,4037,130,NA,NA,NA,79,4246,2465,1363,252,105,60,2256,570,106,70,173,234,6,229,535,135,198
2019,E54000019,NHS Herefordshire and Worcestershire Integrated Care Board,22510,10014,5401,1186,921,610,388,907,1389,3062,2724,273,65,3063,2930,106,NA,NA,NA,27,3061,1777,944,185,96,59,1960,308,96,48,103,170,11,458,570,41,154
2019,E54000022,NHS Norfolk and Waveney Integrated Care Board,28934,12980,7088,1715,1314,1095,497,1025,1442,4578,4109,381,88,4575,4188,342,NA,NA,NA,44,4559,2372,1422,400,193,171,2086,361,159,51,144,204,25,262,581,78,221
2019,E54000023,NHS Suffolk and North East Essex Integrated Care Board,26469,11866,6782,1510,1197,897,517,1090,1572,4075,3573,392,109,4078,3757,262,NA,NA,NA,59,4061,2036,1386,325,190,124,2307,431,109,56,169,229,25,357,609,92,230
2019,E54000024,NHS Bedfordshire Luton and Milton Keynes Integrated Care Board,34123,11254,6409,1302,1023,762,626,1149,1547,3677,3145,373,159,3669,3389,192,NA,NA,NA,87,3662,1842,1256,342,131,92,2282,524,75,76,175,265,19,250,520,148,230
2019,E54000025,NHS Hertfordshire and West Essex Integrated Care Board,44476,16385,10214,2211,1700,1264,834,1693,2513,5946,5262,532,152,5926,5600,233,NA,NA,NA,92,5911,3152,2018,474,147,120,3621,721,99,134,188,503,3,443,1116,115,299
2019,E54000026,NHS Mid and South Essex Integrated Care Board,52078,18339,8184,1950,1433,1046,686,1306,1763,5058,4536,378,144,5047,4782,175,NA,NA,NA,90,5043,2857,1655,335,117,77,2598,596,123,72,215,257,8,298,650,151,228
2019,E54000027,NHS North West London Integrated Care Board,151664,37085,16128,2705,1871,1960,1514,2609,5468,7920,6260,1101,558,7916,7020,542,NA,NA,NA,353,7874,3550,2928,875,311,210,6832,1789,160,200,265,1143,22,268,1769,397,819
2019,E54000028,NHS North Central London Integrated Care Board,84256,21333,10852,1893,1204,1262,1076,1915,3503,5365,4197,845,323,5349,4762,349,NA,NA,NA,238,5336,2475,1880,602,216,163,4646,1013,75,147,210,836,18,236,1353,243,515
2019,E54000029,NHS North East London Integrated Care Board,121909,28973,14113,2540,1872,1681,1556,2520,3943,7539,5937,1087,515,7541,6590,606,NA,NA,NA,346,7487,3254,2771,856,322,284,5503,1827,136,204,305,847,26,187,1041,346,585
2019,E54000030,NHS South East London Integrated Care Board,89818,23162,12765,2342,1543,1559,1291,2325,3705,6659,5446,895,318,6644,6108,358,NA,NA,NA,178,6623,3255,2381,567,273,147,5172,1239,141,228,272,835,23,386,1306,245,498
2019,E54000031,NHS South West London Integrated Care Board,70694,20474,11089,1823,1361,1216,1075,2138,3476,5417,4382,798,237,5396,4901,333,NA,NA,NA,163,5353,2469,1993,509,232,151,4867,973,93,196,215,788,21,364,1508,230,480
2019,E54000032,NHS Kent and Medway Integrated Care Board,67434,25545,12317,2301,1836,1394,962,2319,3507,6412,5501,714,196,6393,5825,453,NA,NA,NA,115,6374,3249,2051,551,247,276,4999,864,213,83,310,785,34,738,1372,206,393
2019,E54000034,NHS Frimley Integrated Care Board,25047,8299,5127,1051,757,517,434,866,1502,2733,2353,246,133,2727,2571,82,NA,NA,NA,74,2723,1492,880,225,76,50,2062,413,45,59,113,313,9,239,604,75,192
2019,E54000036,NHS Cornwall and the Isles of Scilly Integrated Care Board,15270,7186,3824,852,666,498,273,654,880,2262,1953,248,61,2267,1979,255,NA,NA,NA,33,2247,1063,690,191,152,150,1321,208,64,7,66,218,61,202,350,30,116
2019,E54000037,NHS Devon Integrated Care Board,35722,16034,8360,1886,1501,1055,613,1316,1989,4973,4358,506,109,4973,4475,412,NA,NA,NA,86,4957,2543,1492,384,246,292,2830,430,166,33,178,419,59,415,810,89,232
2019,E54000038,NHS Somerset Integrated Care Board,17061,8057,3914,869,654,519,336,669,867,2355,2064,248,44,2353,2217,93,NA,NA,NA,43,2346,1300,711,166,105,64,1300,214,65,25,103,129,3,195,399,37,131
2019,E54000039,NHS Bristol North Somerset and South Gloucestershire Integrated Care Board,26270,9330,6555,1493,1185,823,443,1070,1541,3890,3383,409,98,3893,3675,157,NA,NA,NA,61,3893,2055,1311,298,139,89,2216,400,86,61,104,304,16,348,595,87,216
2019,E54000040,NHS Bath and North East Somerset Swindon and Wiltshire Integrated Care Board,25666,11337,6242,1394,1046,642,421,950,1791,3470,3085,338,48,3469,3234,213,NA,NA,NA,21,3460,1735,1219,244,150,111,2381,344,111,40,154,277,37,395,757,57,208
2019,E54000041,NHS Dorset Integrated Care Board,23255,10419,5615,1274,972,694,379,903,1393,3280,2946,287,47,3273,3041,209,NA,NA,NA,24,3269,1700,1048,266,141,114,1962,278,95,31,93,202,11,328,667,45,213
2019,E54000042,NHS Hampshire and Isle of Wight Integrated Care Board,46743,18837,12536,2727,1977,1529,847,2059,3396,6999,6116,730,152,7008,6493,416,NA,NA,NA,99,6976,3456,2357,531,373,258,4728,681,183,110,232,645,41,798,1543,129,367
2019,E54000043,NHS Gloucestershire Integrated Care Board,20618,9026,4412,840,644,506,304,770,1350,2270,1996,220,54,2270,2120,106,NA,NA,NA,44,2265,1154,791,189,79,53,1839,210,66,36,95,259,7,353,611,62,139
2019,E54000044,NHS Buckinghamshire Oxfordshire and Berkshire West Integrated Care Board,51638,19479,12339,2534,1700,1273,908,2180,3745,6345,5565,606,173,6348,5995,240,NA,NA,NA,112,6336,3376,2058,531,210,160,5227,864,140,158,273,702,24,686,1739,209,434
2019,E54000048,NHS Lancashire and South Cumbria Integrated Care Board,72597,24356,11710,2788,1965,1515,758,1763,2920,6950,6057,688,205,6935,6426,365,NA,NA,NA,144,6921,3663,2245,563,239,211,3990,692,292,102,218,408,90,723,999,129,337
2019,E54000050,NHS North East and North Cumbria Integrated Care Board,127635,47612,23555,5469,4089,3221,1909,3589,5278,14515,12816,1250,449,14500,13581,645,NA,NA,NA,274,14484,8131,4589,969,458,337,7466,1747,661,176,643,576,42,1058,1530,383,650
2019,E54000051,NHS Humber and North Yorkshire Integrated Care Board,55658,22428,11743,2893,2095,1545,673,1745,2791,7114,6271,679,165,7118,6616,422,NA,NA,NA,80,7102,3865,2177,544,278,238,3872,600,284,53,258,436,46,679,950,133,433
2019,E54000052,NHS Surrey Heartlands Integrated Care Board,32591,12345,7481,1395,1042,730,461,1304,2548,3601,3191,327,84,3603,3333,222,NA,NA,NA,48,3574,1929,1141,268,120,117,3385,343,83,57,140,686,13,549,1136,107,270
2019,E54000053,NHS Sussex Integrated Care Board,52615,21245,12206,2652,1977,1290,827,2078,3383,6662,5763,747,152,6650,6095,466,NA,NA,NA,88,6622,3312,2235,544,300,232,4713,671,187,91,258,635,39,691,1502,186,453
2019,E54000054,NHS West Yorkshire Integrated Care Board,104693,32013,16725,4163,3037,2097,1105,2409,3913,10284,8836,1053,395,10270,9292,729,NA,NA,NA,249,10249,5167,3539,751,365,427,5342,989,388,125,319,712,127,780,1072,215,616
2019,E54000055,NHS Birmingham and Solihull Integrated Care Board,79239,18938,10018,2151,1606,1214,935,1692,2419,5828,4952,540,336,5823,5391,234,NA,NA,NA,197,5812,3058,1920,557,178,98,3489,1012,156,108,271,343,7,338,710,201,342
2019,E54000056,NHS Cambridgeshire and Peterborough Integrated Care Board,27275,10229,5992,1286,889,742,428,1020,1627,3308,2772,404,132,3310,2940,310,NA,NA,NA,59,3291,1344,1190,332,252,173,2284,427,86,32,118,281,30,356,626,73,256
2019,E54000057,NHS Greater Manchester Integrated Care Board,170390,47493,19727,4957,3472,2368,1558,2834,4539,12207,10546,1194,467,12213,11220,697,NA,NA,NA,296,12180,6549,3758,1053,438,381,6252,1444,435,133,360,753,79,780,1254,311,702
2019,E54000058,NHS Derby and Derbyshire Integrated Care Board,34861,14290,7511,1938,1425,919,415,1183,1631,4660,4144,395,122,4636,4312,248,NA,NA,NA,76,4639,2477,1537,305,171,149,2407,436,196,40,141,258,22,412,576,113,213
2019,E54000059,NHS Northamptonshire Integrated Care Board,22547,8381,5110,1085,848,699,408,799,1271,3005,2612,297,96,2998,2714,219,NA,NA,NA,64,2991,1466,1021,239,140,126,1787,399,85,50,127,174,8,232,439,88,182
2019,E54000060,NHS Nottingham and Nottinghamshire Integrated Care Board,46399,15742,8047,1866,1418,1056,610,1239,1858,4902,4317,424,161,4895,4573,244,NA,NA,NA,78,4880,2292,1817,432,201,137,2629,624,172,60,209,222,19,345,592,117,269
2019,E54000061,NHS South Yorkshire Integrated Care Board,58136,20048,9542,2668,1908,1244,738,1246,1739,6501,5717,517,267,6481,6094,270,NA,NA,NA,117,6482,3732,2028,428,171,123,2480,630,252,83,210,235,29,221,463,92,266
2019,E54000062,NHS Black Country Integrated Care Board,72857,19626,8220,1687,1385,1092,817,1423,1817,4919,4204,454,261,4902,4535,181,NA,NA,NA,186,4876,2511,1780,377,135,72,2694,894,180,81,239,216,8,179,433,182,283
2020,E54000008,NHS Cheshire and Merseyside Integrated Care Board,129380,39303,30449,7285,5400,3884,2609,4876,6394,18816,16656,1547,612,18790,17580,815,NA,NA,NA,395,18800,10774,5640,1444,591,351,9797,2332,571,290,825,1003,62,1200,2099,572,844
2020,E54000010,NHS Staffordshire and Stoke-on-Trent Integrated Care Board,46436,17006,13345,2991,2481,1622,1051,2064,3136,7998,7140,662,196,7979,7504,349,NA,NA,NA,126,7984,4418,2561,571,265,168,4504,972,346,100,380,395,26,589,1003,267,425
2020,E54000011,NHS Shropshire Telford and Wrekin Integrated Care Board,14710,6334,5739,1241,963,737,389,918,1491,3268,2916,275,76,3266,3033,186,NA,NA,NA,47,3259,1785,1030,215,137,93,2139,357,83,36,125,315,25,314,594,77,214
2020,E54000013,NHS Lincolnshire Integrated Care Board,23712,10023,9250,2034,1628,1132,601,1492,2364,5301,4663,530,108,5295,4803,409,NA,NA,NA,83,5293,2588,1753,472,210,270,3361,567,214,42,202,431,51,535,905,127,287
2020,E54000015,NHS Leicester Leicestershire and Rutland Integrated Care Board,43551,14705,13155,2982,2215,1580,1030,1997,3350,7662,6524,756,383,7651,7006,400,NA,NA,NA,245,7629,3782,2636,729,288,195,4627,1013,245,116,275,473,47,597,1098,264,498
2020,E54000018,NHS Coventry and Warwickshire Integrated Care Board,41878,13480,11498,2436,2034,1561,967,1735,2766,6864,6065,591,208,6870,6498,228,NA,NA,NA,145,6846,3672,2346,513,188,127,3964,1037,194,134,329,410,7,401,870,223,358
2020,E54000019,NHS Herefordshire and Worcestershire Integrated Care Board,22988,9801,9309,2018,1540,1092,608,1528,2523,5158,4601,433,124,5162,4870,200,NA,NA,NA,92,5140,2858,1644,373,155,110,3601,562,177,79,239,322,14,664,1132,122,291
2020,E54000022,NHS Norfolk and Waveney Integrated Care Board,28989,12698,12458,2865,2262,1900,945,1976,2509,7845,6845,813,187,7830,7012,715,NA,NA,NA,104,7821,3733,2583,642,419,444,3879,723,237,90,324,411,45,482,1006,180,381
2020,E54000023,NHS Suffolk and North East Essex Integrated Care Board,26540,11450,11808,2637,1954,1667,1021,1917,2613,7183,6258,753,172,7155,6395,650,NA,NA,NA,110,7141,3244,2472,727,351,348,3950,622,166,91,287,448,55,699,1066,169,347
2020,E54000024,NHS Bedfordshire Luton and Milton Keynes Integrated Care Board,34386,11066,11206,2332,1794,1239,996,1956,2887,6260,5389,625,246,6239,5689,343,NA,NA,NA,206,6243,3083,2201,584,226,149,4241,971,164,106,359,523,43,443,953,246,433
2020,E54000025,NHS Hertfordshire and West Essex Integrated Care Board,45531,16357,17897,3943,2806,2091,1399,3231,4428,10053,8940,811,302,10041,9450,407,NA,NA,NA,184,10021,5394,3395,750,282,201,6722,1356,187,232,451,909,35,772,1940,277,562
2020,E54000026,NHS Mid and South Essex Integrated Care Board,49554,17159,13655,3122,2410,1809,1184,2234,2896,8386,7561,587,238,8366,7940,272,NA,NA,NA,154,8357,4646,2788,569,211,143,4526,1005,161,128,385,449,18,471,1222,309,379
2020,E54000027,NHS North West London Integrated Care Board,153626,35124,29111,4974,3511,3229,2712,4577,10109,14068,10877,2223,968,14065,12498,965,NA,NA,NA,602,14016,6203,5212,1590,532,479,12974,3376,218,410,521,2158,42,417,3554,853,1424
2020,E54000028,NHS North Central London Integrated Care Board,85788,20194,18876,3160,2300,2178,1963,3087,6188,9371,7296,1442,632,9302,8295,620,NA,NA,NA,387,9289,4039,3416,1150,378,307,8204,1770,174,284,312,1597,28,361,2381,456,842
2020,E54000029,NHS North East London Integrated Care Board,122564,28139,24528,4183,2958,2998,2717,4449,7222,12540,9719,1841,980,12518,10842,1111,NA,NA,NA,566,12489,5285,4683,1513,548,462,10284,3249,206,463,473,1649,66,304,2106,727,1040
2020,E54000030,NHS South East London Integrated Care Board,89958,21695,22747,3953,2872,2663,2411,4086,6761,11651,9408,1705,538,11638,10568,640,NA,NA,NA,430,11614,5556,4188,1103,449,319,9625,2175,164,413,523,1750,31,632,2429,515,993
2020,E54000031,NHS South West London Integrated Care Board,71282,19067,19142,3354,2401,2098,1793,3423,6073,9420,7671,1316,433,9435,8590,540,NA,NA,NA,304,9414,4337,3471,1000,374,232,8365,1742,140,280,402,1481,28,540,2580,444,728
2020,E54000032,NHS Kent and Medway Integrated Care Board,63604,23287,21523,4093,3278,2377,1665,3940,6169,11184,9589,1269,326,11127,10012,873,NA,NA,NA,242,11168,5397,3792,1069,456,455,8861,1580,311,174,498,1354,91,1237,2468,385,763
2020,E54000034,NHS Frimley Integrated Care Board,25504,7996,8957,1699,1381,999,717,1456,2705,4699,4048,471,180,4699,4392,205,NA,NA,NA,102,4690,2480,1579,403,156,73,3730,811,77,75,186,556,12,397,1091,166,358
2020,E54000036,NHS Cornwall and the Isles of Scilly Integrated Care Board,15329,7175,6851,1619,1066,874,449,1231,1612,3943,3414,463,66,3945,3354,549,NA,NA,NA,42,3922,1796,1157,355,278,335,2400,288,125,35,93,417,151,359,629,75,228
2020,E54000037,NHS Devon Integrated Care Board,34508,15002,14260,3096,2432,1932,1029,2463,3308,8339,7338,828,173,8324,7393,822,NA,NA,NA,110,8305,4281,2397,692,433,502,4997,672,246,78,289,765,143,709,1491,184,420
2020,E54000038,NHS Somerset Integrated Care Board,17218,7745,6789,1530,1155,914,491,1148,1550,4023,3612,339,73,4023,3760,225,NA,NA,NA,38,4023,2115,1266,318,203,121,2363,343,111,62,157,239,16,349,732,115,238
2020,E54000039,NHS Bristol North Somerset and South Gloucestershire Integrated Care Board,25977,8757,11610,2649,2065,1419,931,1799,2748,6943,6075,692,177,6965,6554,307,NA,NA,NA,105,6945,3682,2271,558,265,169,4021,691,111,103,252,545,13,593,1121,213,379
2020,E54000040,NHS Bath and North East Somerset Swindon and Wiltshire Integrated Care Board,25511,10953,10712,2295,1721,1296,629,1716,3055,5832,5087,585,160,5838,5370,372,NA,NA,NA,96,5818,2879,2051,463,215,209,4241,600,153,72,223,595,48,667,1349,144,391
2020,E54000041,NHS Dorset Integrated Care Board,21813,9478,9233,2082,1587,1098,649,1513,2303,5343,4702,534,107,5339,4927,330,NA,NA,NA,83,5325,2618,1811,510,220,165,3330,420,119,81,212,365,17,481,1236,130,270
2020,E54000042,NHS Hampshire and Isle of Wight Integrated Care Board,45954,17685,21321,4466,3346,2431,1517,3549,6013,11552,10002,1204,346,11559,10467,926,NA,NA,NA,167,11518,5462,3821,1081,564,590,8513,1262,293,200,444,1132,93,1315,2657,298,818
2020,E54000043,NHS Gloucestershire Integrated Care Board,20445,8620,7642,1503,1172,853,484,1218,2412,3938,3507,358,72,3940,3677,212,NA,NA,NA,51,3928,1998,1316,308,168,138,3234,417,100,49,155,446,23,607,1117,78,243
2020,E54000044,NHS Buckinghamshire Oxfordshire and Berkshire West Integrated Care Board,50640,18064,21476,4061,3326,2382,1592,3745,6371,11202,9782,1037,383,11168,10501,443,NA,NA,NA,224,11191,5725,3881,920,406,260,9070,1473,222,230,450,1237,34,1275,2953,313,884
2020,E54000048,NHS Lancashire and South Cumbria Integrated Care Board,72076,23380,20260,4793,3460,2334,1331,3009,5333,11674,10209,1095,370,11670,10579,828,NA,NA,NA,263,11680,5961,3839,992,460,427,7214,1258,533,88,429,817,92,1166,1826,346,660
2020,E54000050,NHS North East and North Cumbria Integrated Care Board,128063,46267,40038,9245,7122,5297,3146,6047,9180,24357,21568,2041,748,24261,22721,990,NA,NA,NA,549,24303,13596,7801,1687,705,515,13055,3150,1039,362,1123,1164,74,1646,2661,611,1225
2020,E54000051,NHS Humber and North Yorkshire Integrated Care Board,55017,21528,20444,4620,3491,2733,1264,2957,5378,11888,10538,1054,297,11858,10926,733,NA,NA,NA,199,11815,6304,3758,931,401,422,7202,1103,454,135,459,882,121,1218,1886,259,686
2020,E54000052,NHS Surrey Heartlands Integrated Care Board,32476,11701,12380,2299,1763,1156,765,2110,4288,5883,5160,566,158,5869,5486,292,NA,NA,NA,91,5846,3155,1856,484,178,174,5697,739,110,124,250,1052,36,839,1907,189,451
2020,E54000053,NHS Sussex Integrated Care Board,52777,20090,20720,4383,3352,2474,1348,3642,5521,11361,9913,1184,264,11354,10315,820,NA,NA,NA,219,11316,5674,3641,1054,532,415,7960,1093,283,124,456,1241,72,1102,2538,290,761
2020,E54000054,NHS West Yorkshire Integrated Care Board,104997,31333,28795,7191,5095,3849,1897,4179,6585,17657,15261,1723,673,17628,15931,1275,NA,NA,NA,422,17592,8812,5764,1594,696,726,9314,1801,606,185,499,1300,213,1254,2070,391,996
2020,E54000055,NHS Birmingham and Solihull Integrated Care Board,79909,19009,16315,3442,2609,2100,1582,2645,3937,9447,7933,950,564,9455,8532,555,NA,NA,NA,368,9415,4648,3360,890,281,235,5735,1705,250,251,412,638,20,504,984,439,532
2020,E54000056,NHS Cambridgeshire and Peterborough Integrated Care Board,26986,9809,11131,2259,1703,1240,837,1777,3316,5953,5075,718,159,5915,5265,540,NA,NA,NA,110,5888,2666,1933,572,377,340,4581,715,168,125,220,755,73,631,1249,235,409
2020,E54000057,NHS Greater Manchester Integrated Care Board,172731,45998,34061,8646,5915,4244,2559,4859,7840,20990,17760,2222,1008,20925,19013,1289,NA,NA,NA,623,20906,10905,6776,1779,811,634,10975,2576,673,274,780,1360,175,1198,2146,587,1206
2020,E54000058,NHS Derby and Derbyshire Integrated Care Board,35042,13811,12689,3254,2452,1546,733,1851,2853,7822,7004,630,188,7818,7332,396,NA,NA,NA,90,7828,4192,2538,605,284,209,4079,706,276,86,266,530,23,646,995,170,380
2020,E54000059,NHS Northamptonshire Integrated Care Board,21974,8124,9045,2015,1516,1132,765,1338,2279,5342,4670,486,187,5345,4847,379,NA,NA,NA,120,5323,2595,1803,481,277,167,3227,610,172,118,276,324,41,353,835,190,308
2020,E54000060,NHS Nottingham and Nottinghamshire Integrated Care Board,46604,15154,13812,3362,2284,1801,1046,2038,3281,8322,7357,756,209,8309,7709,448,NA,NA,NA,152,8337,4148,2852,776,331,230,4611,980,311,96,395,380,33,545,1082,241,549
2020,E54000061,NHS South Yorkshire Integrated Care Board,60252,19852,16783,4526,3339,2351,1293,2197,3076,11311,9967,892,451,11281,10529,490,NA,NA,NA,261,11269,6503,3498,757,309,203,4503,1154,431,119,369,554,49,318,763,236,510
2020,E54000062,NHS Black Country Integrated Care Board,74134,19659,14013,2942,2188,1820,1381,2448,3234,8146,6842,798,507,8124,7408,383,NA,NA,NA,333,8104,4082,2907,729,214,172,4863,1597,316,165,414,441,9,322,744,373,483
2021,E54000008,NHS Cheshire and Merseyside Integrated Care Board,135125,46708,36975,5013,2911,6471,8291,6253,8036,22231,19395,1929,907,22207,16582,4806,NA,NA,NA,819,22193,10960,6637,2340,1228,1028,13230,3553,723,368,1194,1227,107,1360,2598,650,1449
2021,E54000010,NHS Staffordshire and Stoke-on-Trent Integrated Care Board,47881,19564,15944,2057,1257,2802,3289,2558,3980,9219,8092,746,381,9198,6893,1929,NA,NA,NA,376,9188,4216,3027,1048,488,410,5991,1418,353,170,496,511,36,723,1368,268,647
2021,E54000011,NHS Shropshire Telford and Wrekin Integrated Care Board,15412,7053,7031,1033,562,1182,1287,1094,1873,3984,3515,333,136,3955,3017,809,NA,NA,NA,128,3973,1962,1216,433,191,172,2704,520,136,62,143,365,60,373,671,89,285
2021,E54000013,NHS Lincolnshire Integrated Care Board,24982,11403,11136,1451,1003,1775,2043,1815,3048,6173,5312,656,204,6153,4432,1515,NA,NA,NA,206,6148,2647,1890,767,462,381,4481,852,266,76,263,532,63,582,1148,162,537
2021,E54000015,NHS Leicester Leicestershire and Rutland Integrated Care Board,45735,16820,15855,1977,1327,2552,3060,2496,4444,8745,7422,830,494,8714,6438,1828,NA,NA,NA,449,8720,3798,2970,1135,475,342,6469,1534,265,179,397,656,100,812,1463,348,716
2021,E54000018,NHS Coventry and Warwickshire Integrated Care Board,44192,16145,14063,1911,1247,2227,2831,2400,3447,8053,7005,652,397,8062,6328,1418,NA,NA,NA,316,8066,3909,2652,889,373,243,5498,1555,241,214,456,514,21,457,1202,281,557
2021,E54000019,NHS Herefordshire and Worcestershire Integrated Care Board,23097,10798,11057,1420,881,1668,2103,1864,3121,5946,5299,453,193,5937,4423,1304,NA,NA,NA,210,5924,2661,1950,709,341,264,4564,929,179,89,287,401,31,803,1317,108,420
2021,E54000022,NHS Norfolk and Waveney Integrated Care Board,30328,14020,14958,1926,1319,2659,3316,2403,3334,9085,7888,889,309,9019,5923,2777,NA,NA,NA,319,9030,3506,3007,1125,692,700,5213,1090,290,125,341,620,124,526,1223,180,693
2021,E54000023,NHS Suffolk and North East Essex Integrated Care Board,27683,12676,14336,2047,1278,2341,2581,2557,3532,8098,7049,761,288,8069,5787,2021,NA,NA,NA,261,8045,3345,2639,980,567,515,5632,1144,242,96,378,577,77,790,1389,231,708
2021,E54000024,NHS Bedfordshire Luton and Milton Keynes Integrated Care Board,34764,12513,13832,1822,1108,2023,2798,2422,3658,7590,6371,802,416,7568,5746,1497,NA,NA,NA,325,7547,3229,2628,980,392,319,5630,1463,168,177,367,808,38,452,1238,284,635
2021,E54000025,NHS Hertfordshire and West Essex Integrated Care Board,44922,18064,21544,2935,1866,3110,4095,3682,5855,11808,10214,1135,458,11770,9326,1976,NA,NA,NA,468,11756,5700,3845,1245,535,432,8935,1930,230,247,511,1315,43,929,2426,330,973
2021,E54000026,NHS Mid and South Essex Integrated Care Board,51548,19337,16930,2248,1425,2937,3508,3045,3768,9938,8752,797,389,9903,7778,1781,NA,NA,NA,344,9923,4904,3242,963,453,360,6340,1628,244,210,536,659,46,543,1508,304,662
2021,E54000027,NHS North West London Integrated Care Board,162001,42638,35965,4071,2599,4086,5909,5969,13331,16330,12302,2582,1445,16278,12175,2991,NA,NA,NA,1112,16263,6629,5647,2273,876,838,18076,5144,261,629,671,2992,115,571,4536,1016,2140
2021,E54000028,NHS North Central London Integrated Care Board,90409,22995,22880,2680,1556,2576,4055,4152,7860,10649,8203,1572,873,10648,7926,2005,NA,NA,NA,717,10588,4345,3411,1597,696,540,11281,2808,193,371,464,2116,49,473,2999,547,1261
2021,E54000029,NHS North East London Integrated Care Board,126465,32480,30002,3690,2167,3699,5510,5725,9211,14714,11157,2346,1210,14722,10704,3083,NA,NA,NA,935,14686,5580,5148,2247,867,844,13884,4577,263,548,639,2288,134,404,2494,876,1662
2021,E54000030,NHS South East London Integrated Care Board,90261,25309,27359,3304,2002,3430,5176,5104,8343,13628,10784,2007,837,13585,10221,2681,NA,NA,NA,683,13553,5584,4843,1754,776,595,12474,3201,231,480,588,2162,59,707,3004,607,1434
2021,E54000031,NHS South West London Integrated Care Board,75770,23133,23273,2546,1673,2794,4088,4443,7730,10883,8738,1518,626,10882,8380,1995,NA,NA,NA,507,10857,4642,3679,1381,649,506,11413,2554,179,394,492,1957,80,663,3340,484,1272
2021,E54000032,NHS Kent and Medway Integrated Care Board,64230,26156,25986,3049,2012,3550,4427,5111,7837,12805,10938,1316,551,12723,9180,3014,NA,NA,NA,529,12683,5469,4151,1535,796,732,11887,2456,415,279,753,1749,125,1438,2978,473,1222
2021,E54000034,NHS Frimley Integrated Care Board,26756,9672,10821,1250,886,1391,1839,1938,3517,5295,4579,460,255,5278,4115,948,NA,NA,NA,215,5267,2428,1752,647,244,196,5065,1235,97,134,283,733,27,478,1366,208,502
2021,E54000036,NHS Cornwall and the Isles of Scilly Integrated Care Board,16158,7816,8212,1035,661,1342,1585,1561,2028,4527,3917,499,112,4530,2887,1526,NA,NA,NA,117,4483,1766,1245,526,441,505,3282,515,153,28,168,499,200,441,853,88,339
2021,E54000037,NHS Devon Integrated Care Board,35717,16990,17500,2384,1388,2793,3537,2971,4428,9943,8498,1123,323,9904,6898,2756,NA,NA,NA,250,9890,4217,2987,1182,735,769,6800,1137,323,114,377,1049,244,830,1844,177,705
2021,E54000038,NHS Somerset Integrated Care Board,18176,8802,8158,1059,623,1400,1703,1419,1955,4674,4171,389,114,4674,3406,1139,NA,NA,NA,130,4658,1963,1535,595,334,232,3094,656,136,50,198,321,24,360,868,146,334
2021,E54000039,NHS Bristol North Somerset and South Gloucestershire Integrated Care Board,26791,10115,14255,2033,1309,2344,2804,2239,3525,8353,7095,923,335,8308,6154,1853,NA,NA,NA,301,8322,3666,2719,981,522,434,5359,1046,188,148,334,740,33,685,1347,229,609
2021,E54000040,NHS Bath and North East Somerset Swindon and Wiltshire Integrated Care Board,26551,12684,13149,1773,1111,1977,2352,2106,3829,7062,6130,651,281,7051,5082,1729,NA,NA,NA,240,7068,3048,2313,868,462,377,5525,879,172,83,333,784,56,708,1773,132,604
2021,E54000041,NHS Dorset Integrated Care Board,23006,10860,11385,1565,907,1807,2142,1927,3038,6301,5573,546,182,6277,4440,1635,NA,NA,NA,202,6255,2565,2056,797,455,382,4618,774,147,93,253,519,36,588,1569,150,489
2021,E54000042,NHS Hampshire and Isle of Wight Integrated Care Board,46639,19931,26237,3261,2040,3996,4447,4751,7741,13485,11593,1425,468,13469,9554,3430,NA,NA,NA,485,13476,5345,4462,1781,967,921,11672,1846,414,223,680,1627,140,1591,3514,321,1316
2021,E54000043,NHS Gloucestershire Integrated Care Board,20977,9846,9074,1138,673,1175,1535,1470,3084,4438,3815,446,177,4423,3168,1111,NA,NA,NA,145,4398,1862,1417,545,342,232,4248,635,134,78,179,539,30,627,1505,102,419
2021,E54000044,NHS Buckinghamshire Oxfordshire and Berkshire West Integrated Care Board,52988,21304,25838,2947,1875,3462,4456,4485,8612,12530,10865,1185,480,12540,9744,2350,NA,NA,NA,446,12486,5605,4195,1508,679,498,12385,2346,266,279,664,1786,75,1377,3889,387,1315
2021,E54000048,NHS Lancashire and South Cumbria Integrated Care Board,72951,25908,24682,3443,1992,4097,4766,3689,6695,14022,12063,1336,622,14003,10145,3256,NA,NA,NA,602,13968,6129,4491,1680,842,826,9571,1850,684,170,570,1215,132,1353,2208,304,1086
2021,E54000050,NHS North East and North Cumbria Integrated Care Board,132259,53575,48141,6433,3575,8179,10502,7790,11662,28062,24326,2420,1315,28031,21280,5562,NA,NA,NA,1190,28001,13817,8958,2828,1336,1061,18022,4698,1288,395,1571,1651,153,1970,3577,766,1953
2021,E54000051,NHS Humber and North Yorkshire Integrated Care Board,56543,24055,24477,3138,1974,4239,4870,3752,6505,13916,12176,1224,516,13869,9909,3491,NA,NA,NA,469,13916,6415,4314,1559,817,813,9444,1814,545,186,556,1162,147,1297,2381,335,1020
2021,E54000052,NHS Surrey Heartlands Integrated Care Board,34571,14057,15047,1862,1222,1746,2212,2560,5445,6925,6005,696,224,6906,5405,1275,NA,NA,NA,226,6896,3284,2214,763,348,287,7518,1098,123,168,318,1378,54,1000,2576,208,595
2021,E54000053,NHS Sussex Integrated Care Board,53871,22934,24317,3439,2127,3510,3967,4217,7057,12813,11023,1303,487,12758,9548,2788,NA,NA,NA,423,12757,5801,3911,1506,794,746,10480,1689,349,188,690,1639,107,1239,3219,339,1019
2021,E54000054,NHS West Yorkshire Integrated Care Board,107064,35130,34708,4624,2740,6154,7225,5481,8484,20327,17112,2125,1090,20266,14247,5098,NA,NA,NA,921,20294,8631,6560,2447,1310,1345,12890,2997,693,333,821,1755,281,1417,2489,494,1612
2021,E54000055,NHS Birmingham and Solihull Integrated Care Board,81166,21860,20031,2668,1559,2967,4275,3669,4893,11245,9245,1172,828,11213,8366,2216,NA,NA,NA,631,11212,4905,3710,1421,677,498,7823,2422,289,231,598,807,47,599,1357,535,938
2021,E54000056,NHS Cambridgeshire and Peterborough Integrated Care Board,27205,10685,13430,1762,1014,1810,2477,2351,4015,6954,5711,938,305,6943,4926,1804,NA,NA,NA,213,6919,2655,2258,905,556,545,5921,1129,160,120,327,908,80,726,1558,194,719
2021,E54000057,NHS Greater Manchester Integrated Care Board,179639,54578,41190,5684,3369,7077,8754,6367,9939,24395,20411,2605,1379,24343,17777,5367,NA,NA,NA,1199,24299,11050,7687,2905,1439,1218,15023,4031,784,393,1007,1982,230,1307,2663,656,1971
2021,E54000058,NHS Derby and Derbyshire Integrated Care Board,36317,15608,15239,2282,1316,2690,3017,2359,3575,9115,8082,676,357,9078,6716,2037,NA,NA,NA,325,9091,4178,2939,1050,523,401,5462,1141,334,121,395,607,52,750,1222,233,607
2021,E54000059,NHS Northamptonshire Integrated Care Board,22899,9184,11016,1512,896,1768,2020,1975,2844,6105,5295,564,246,6093,4398,1454,NA,NA,NA,241,6059,2590,1985,756,398,331,4487,1077,206,175,370,499,46,444,1002,195,474
2021,E54000060,NHS Nottingham and Nottinghamshire Integrated Care Board,47120,16963,16495,2148,1277,2816,3427,2850,3978,9460,8130,906,423,9467,6936,2157,NA,NA,NA,374,9462,3974,3299,1164,603,423,6317,1659,377,132,571,574,38,613,1408,254,691
2021,E54000061,NHS South Yorkshire Integrated Care Board,62736,23215,20085,2870,1650,4021,4755,2923,3866,13054,11277,1185,591,12991,9660,2736,NA,NA,NA,596,13016,6350,4145,1380,656,484,6187,1837,479,173,489,621,90,376,932,300,891
2021,E54000062,NHS Black Country Integrated Care Board,77039,22075,17077,2093,1363,2653,3460,3259,4250,9335,7580,1040,715,9322,7138,1617,NA,NA,NA,568,9321,4170,3249,1160,454,288,6900,2552,358,214,605,587,32,359,870,469,853
2022,E54000008,NHS Cheshire and Merseyside Integrated Care Board,134514,38417,31262,6887,4045,3399,3478,6883,6570,17457,14889,1971,596,17348,12811,4455,1956,1492,1007,478,17361,7673,4960,1788,1184,1755,12507,3546,NA,NA,1006,1708,310,NA,3011,745,2180
2022,E54000010,NHS Staffordshire and Stoke-on-Trent Integrated Care Board,46875,16200,13355,2759,1852,1467,1363,2713,3202,7270,6379,666,226,7272,5798,1413,658,415,340,173,7251,3337,2199,765,443,508,5452,1428,NA,NA,502,709,90,NA,1494,331,898
2022,E54000011,NHS Shropshire Telford and Wrekin Integrated Care Board,15345,6087,5954,1183,786,611,557,1271,1546,3058,2656,343,59,3061,2405,652,290,215,147,53,3039,1379,923,322,195,219,2592,620,NA,NA,178,456,60,NA,775,106,397
2022,E54000013,NHS Lincolnshire Integrated Care Board,25377,9962,9221,1919,1231,917,870,1926,2357,4867,4157,583,127,4826,3634,1214,512,413,289,93,4816,1978,1410,599,357,472,3972,927,NA,NA,236,661,144,NA,1172,162,671
2022,E54000015,NHS Leicester Leicestershire and Rutland Integrated Care Board,47789,14426,13392,2698,1875,1358,1295,2543,3623,7077,5936,821,320,7051,5478,1429,651,421,357,272,7033,2903,2402,803,459,467,5738,1504,NA,NA,360,862,109,NA,1620,383,900
2022,E54000018,NHS Coventry and Warwickshire Integrated Care Board,42635,12970,11790,2390,1604,1268,1261,2335,2931,6368,5483,636,248,6382,5265,985,488,239,258,211,6362,3078,2017,637,337,293,4941,1517,NA,NA,393,596,75,NA,1226,357,777
2022,E54000019,NHS Herefordshire and Worcestershire Integrated Care Board,23545,9460,9471,1788,1187,1019,858,2081,2537,4755,4186,443,126,4749,3673,1008,445,274,289,126,4692,2195,1375,478,313,331,4302,831,NA,NA,271,594,78,NA,1705,159,666
2022,E54000022,NHS Norfolk and Waveney Integrated Care Board,31328,12265,12547,2723,1705,1412,1315,2799,2592,7003,6003,830,170,7012,4598,2635,1197,919,520,101,6994,2499,1875,798,566,1256,4937,1094,NA,NA,367,883,176,NA,1299,208,910
2022,E54000023,NHS Suffolk and North East Essex Integrated Care Board,27655,10805,11750,2371,1531,1320,1164,2493,2872,6285,5428,726,131,6253,4479,1824,826,597,401,125,6231,2336,1881,693,450,872,4973,993,NA,NA,339,870,142,NA,1577,237,816
2022,E54000024,NHS Bedfordshire Luton and Milton Keynes Integrated Care Board,36326,10881,11730,2148,1460,1149,1277,2560,3136,5914,4873,770,271,5883,4283,1502,716,493,293,228,5889,2264,1932,754,394,545,5355,1365,NA,NA,372,999,98,NA,1291,347,883
2022,E54000025,NHS Hertfordshire and West Essex Integrated Care Board,43779,14500,17996,3419,2215,1882,1743,3883,4854,9062,7799,1000,262,9040,7272,1600,740,448,411,272,8986,4040,2935,953,501,555,8179,1832,NA,NA,560,1487,131,NA,2547,422,1201
2022,E54000026,NHS Mid and South Essex Integrated Care Board,51841,16833,14098,2899,1841,1515,1568,3088,3187,7654,6732,713,209,7650,6099,1477,733,381,363,177,7606,3464,2372,889,455,426,5848,1598,NA,NA,504,779,88,NA,1602,403,874
2022,E54000027,NHS North West London Integrated Care Board,173996,36556,31044,4831,2722,2695,3145,6008,11644,13042,9517,2479,1046,13075,9215,3380,1639,994,746,770,12987,4794,4224,1886,965,1117,16616,4464,NA,NA,684,3279,339,NA,4339,1143,2368
2022,E54000028,NHS North Central London Integrated Care Board,90189,19079,19522,3026,1852,1756,1870,4079,6939,8282,6290,1456,537,8292,5995,2173,1050,688,436,361,8282,3112,2704,1160,624,682,10329,2445,NA,NA,394,2347,149,NA,2763,726,1504
2022,E54000029,NHS North East London Integrated Care Board,140322,28681,25441,4341,2599,2502,2754,5556,7689,11883,8693,2338,853,11878,7856,3683,1885,1094,704,688,11807,3910,3735,1848,1034,1280,12382,3762,NA,NA,607,2534,278,NA,2385,909,1908
2022,E54000030,NHS South East London Integrated Care Board,92767,21320,22987,3788,2296,2290,2444,5127,7042,10553,8259,1764,531,10588,7791,2583,1303,685,595,419,10515,4121,3441,1373,738,841,11372,2876,NA,NA,588,2398,169,NA,2927,723,1690
2022,E54000031,NHS South West London Integrated Care Board,77183,18980,19323,2955,1965,1739,1891,4291,6482,8350,6555,1408,386,8379,6168,2025,914,669,442,351,8319,3169,2779,1106,631,633,10015,2231,NA,NA,537,2155,120,NA,3076,496,1401
2022,E54000032,NHS Kent and Medway Integrated Care Board,62050,21779,21870,3902,2413,1981,2089,4911,6574,10130,8439,1361,330,10154,7373,2701,1195,928,578,263,10119,4039,3135,1213,774,958,10692,2228,NA,NA,760,2084,229,NA,3332,509,1550
2022,E54000034,NHS Frimley Integrated Care Board,26818,8080,9025,1523,989,883,901,1860,2869,4201,3459,569,173,4218,3126,1030,470,336,224,142,4162,1610,1415,521,342,273,4430,1017,NA,NA,230,849,87,NA,1369,191,688
2022,E54000036,NHS Cornwall and the Isles of Scilly Integrated Care Board,16311,6743,6921,1339,775,733,709,1712,1653,3468,2953,446,70,3473,2413,1123,495,315,314,41,3460,1316,958,367,280,539,3053,480,NA,NA,136,767,241,NA,892,74,462
2022,E54000037,NHS Devon Integrated Care Board,35339,14548,14614,2843,1792,1554,1535,3259,3631,7528,6478,856,195,7584,5471,2154,964,736,454,154,7516,3064,2127,830,529,965,6308,1169,NA,NA,337,1305,318,NA,2038,244,896
2022,E54000038,NHS Somerset Integrated Care Board,18310,7594,6815,1395,809,745,693,1532,1642,3572,3100,390,82,3554,2638,958,404,319,235,50,3547,1483,975,428,271,391,2920,678,NA,NA,209,401,66,NA,994,97,475
2022,E54000039,NHS Bristol North Somerset and South Gloucestershire Integrated Care Board,27874,8622,12030,2610,1632,1275,1168,2553,2793,6546,5548,809,188,6526,4887,1701,727,601,372,138,6539,2673,2025,686,560,595,5032,1061,NA,NA,255,982,112,NA,1463,242,917
2022,E54000040,NHS Bath and North East Somerset Swindon and Wiltshire Integrated Care Board,26118,10587,11090,2107,1326,1086,1017,2236,3316,5448,4646,649,154,5430,4073,1364,543,499,322,95,5372,2105,1681,621,391,574,5161,964,NA,NA,254,955,92,NA,1965,203,728
2022,E54000041,NHS Dorset Integrated Care Board,21593,8889,9043,1816,1152,909,902,1898,2366,4644,4074,488,82,4658,3462,1203,506,406,292,91,4620,1712,1424,621,412,451,3920,739,NA,NA,212,675,82,NA,1467,137,608
2022,E54000042,NHS Hampshire and Isle of Wight Integrated Care Board,46485,16600,21373,3907,2552,2143,1867,4600,6304,10264,8645,1300,319,10257,7559,2744,1242,962,540,198,10199,3915,3018,1180,795,1290,10197,1880,NA,NA,522,1909,236,NA,3710,423,1517
2022,E54000043,NHS Gloucestershire Integrated Care Board,20830,8239,7662,1300,846,666,725,1694,2432,3475,2955,403,117,3453,2593,823,401,250,172,106,3450,1388,1095,404,255,308,3874,577,NA,NA,214,698,40,NA,1636,153,557
2022,E54000044,NHS Buckinghamshire Oxfordshire and Berkshire West Integrated Care Board,53363,17933,21956,3847,2340,1921,1950,4575,7323,9882,8391,1205,287,9854,7585,2198,966,705,527,247,9826,3973,3143,1174,712,823,11244,2199,NA,NA,616,2115,163,NA,4170,438,1543
2022,E54000048,NHS Lancashire and South Cumbria Integrated Care Board,75059,22196,20627,4256,2444,2113,1959,4183,5672,10557,8929,1257,371,10561,7763,2723,1169,906,648,315,10533,4336,3048,1221,824,1103,9152,2153,NA,NA,514,1501,244,NA,2712,392,1636
2022,E54000050,NHS North East and North Cumbria Integrated Care Board,120368,40477,36504,7709,4550,4052,4240,7853,8100,20113,17435,1954,723,20069,15710,4065,2045,1041,978,587,20045,9282,6031,2039,1332,1360,14757,4755,NA,NA,1273,1753,324,NA,3245,735,2673
2022,E54000051,NHS Humber and North Yorkshire Integrated Care Board,58286,21107,20604,4017,2580,2344,2065,4276,5323,10789,9223,1280,286,10785,7899,2908,1426,831,650,224,10731,4504,3124,1102,834,1166,8872,1949,NA,NA,534,1511,274,NA,2665,375,1563
2022,E54000052,NHS Surrey Heartlands Integrated Care Board,32706,11240,12614,2068,1343,1070,1073,2490,4570,5438,4540,710,187,5409,4212,1135,463,446,226,172,5360,2368,1625,613,334,420,6643,1121,NA,NA,281,1513,111,NA,2516,218,884
2022,E54000053,NHS Sussex Integrated Care Board,50627,18145,20488,4125,2435,2073,1839,4197,5819,10274,8647,1339,287,10248,7642,2678,1067,922,689,185,10175,4065,3159,1141,758,1052,9281,1605,NA,NA,547,1979,181,NA,3158,363,1449
2022,E54000054,NHS West Yorkshire Integrated Care Board,115263,29845,28424,6277,3442,3187,3011,5525,6983,15558,12943,1918,697,15547,11427,3949,1684,1417,848,480,15459,6366,4653,1689,1124,1626,11569,2736,NA,NA,698,2321,483,NA,2755,536,2040
2022,E54000055,NHS Birmingham and Solihull Integrated Care Board,98146,19666,17083,3419,1908,1823,2078,3580,4275,8994,7127,1252,615,8980,6444,2223,1221,527,476,494,8939,3455,2817,1271,647,750,7334,2323,NA,NA,539,1109,159,NA,1515,566,1122
2022,E54000056,NHS Cambridgeshire and Peterborough Integrated Care Board,28913,9460,11422,2316,1320,1067,933,2438,3347,5551,4579,753,219,5525,3977,1579,605,660,313,115,5459,2004,1598,684,470,703,5418,955,NA,NA,258,1247,179,NA,1628,249,902
2022,E54000057,NHS Greater Manchester Integrated Care Board,186074,44970,34578,7862,4473,3723,3620,6956,7943,19234,15730,2582,921,19258,14218,4842,1990,1885,967,632,19200,8109,5648,2170,1404,1869,13874,3827,NA,NA,925,2401,503,NA,2894,798,2526
2022,E54000058,NHS Derby and Derbyshire Integrated Care Board,36364,13301,12759,2932,1834,1365,1220,2525,2883,7203,6249,733,220,7181,5763,1370,563,468,339,151,7137,3202,2228,734,479,494,4999,1166,NA,NA,410,752,136,NA,1337,225,974
2022,E54000059,NHS Northamptonshire Integrated Care Board,22750,7797,9085,1852,1217,872,917,1867,2360,4784,4054,540,189,4750,3518,1176,481,429,266,157,4752,1903,1441,564,378,466,3971,1021,NA,NA,310,656,78,NA,1069,244,594
2022,E54000060,NHS Nottingham and Nottinghamshire Integrated Care Board,49581,14845,13991,2913,1748,1410,1490,3003,3427,7427,6288,822,317,7396,5613,1678,774,509,396,253,7397,3008,2342,928,528,591,5971,1630,NA,NA,496,806,127,NA,1514,345,1053
2022,E54000061,NHS South Yorkshire Integrated Care Board,62852,19733,16864,4001,2424,2052,1842,3262,3283,10121,8702,1058,361,10122,7915,2075,961,642,472,324,10097,4736,3071,1039,589,661,6042,1890,NA,NA,529,836,166,NA,1089,347,1184
2022,E54000062,NHS Black Country Integrated Care Board,77951,19319,14284,2728,1680,1432,1869,3263,3312,7539,6143,959,437,7540,5670,1620,860,384,377,389,7483,3303,2388,899,406,486,6075,2276,NA,NA,564,581,88,NA,978,515,1073
